Compound_ID,Compound_Name,Plant_Name,Common_Name,Plant_Family,Plant_Part,Country_of_Use,PubChem_CID,Canonical_SMILES,InChIKey,Molecular_Formula,Molecular_Weight,LogP,HBD,HBA,TPSA,Rotatable_Bonds,Lipinski_Violations,Lipinski_Status,Reported_Activity,Assay_Target,DOI_Reference,Reference_Year,Compound_Class,Compound_Superclass,Data_Source,Notes,Validation_Status,Fraction_CSP3,Ring_Count,Aromatic_Ring_Count,Heavy_Atom_Count,Molar_Refractivity,QED_Score,Veber_Status,Ghose_Violations,Ghose_Status
AFRO-0001,Luteolin,Vernonia amygdalina,Bitter Leaf,Asteraceae,Leaf; Root,Nigeria,5280445,O=c1cc(-c2ccc(O)c(O)c2)oc2cc(O)cc(O)c12,IQPNAANSBPBGFQ-UHFFFAOYSA-N,C15H10O6,286.239,2.2824,4,6,111.13,1,0,Pass,"α-Glucosidase inhibition, AGEs inhibition, and potent antioxidant activity",In vitro enzymatic & BSA glycation assays,10.1155/2023/3159352,2023,Flavone,Flavonoid,Journal of Diabetes Research (Hindawi / Wiley),Standardized from v1.0 release,Verified,0.0,3,3,21,74.5792,0.5106223467843569,Pass,0,Pass
AFRO-0002,Vernodalol,Vernonia amygdalina,Bitter Leaf,Asteraceae,Leaf; Root,Nigeria,442994,C=C(CO)C(=O)OC1CC2C(=C)C(=O)OC2C(O)C(C(=C)C)C1=O,FFNBPGORUWEHOO-UHFFFAOYSA-N,C17H20O7,336.3400000000001,0.07049999999999979,2,7,110.13,4,0,Pass,"α-Glucosidase inhibition, AGEs inhibition, and antioxidant activity",In vitro enzymatic & BSA glycation assays,10.1155/2023/3159352,2023,Sesquiterpene lactone,Terpenoid,Journal of Diabetes Research (Hindawi / Wiley),Standardized from v1.0 release,Verified,0.4705882352941176,2,0,24,82.55060000000002,0.4245374793830468,Pass,0,Pass
AFRO-0003,Catechin,Vernonia amygdalina,Bitter Leaf,Asteraceae,Leaf; Root,Nigeria,9064,Oc1cc(O)c2c(c1)OC(c1ccc(O)c(O)c1)C(O)C2,PFTAWBLQPZVEMU-UHFFFAOYSA-N,C15H14O6,290.271,1.5461,5,6,110.38,1,0,Pass,"α-Glucosidase inhibition, AGEs formation inhibition, and oxygen radical absorbance capacity",In vitro enzymatic & radical absorbance assays  In vitro enzymatic & radical absorbance assays,10.1155/2023/3159352,2023,Flavanol,Flavonoid,Journal of Diabetes Research (Hindawi / Wiley),Standardized from v1.0 release,Verified,0.2,3,2,21,72.62300000000002,0.5095927314649248,Pass,0,Pass
AFRO-0004,Caffeic Acid,Vernonia amygdalina,Bitter Leaf,Asteraceae,Leaf; Root,Nigeria,689043,O=C(O)C=Cc1ccc(O)c(O)c1,QAIPRVGONGVQAS-UHFFFAOYSA-N,C9H8O4,180.159,1.1956,3,3,77.76,2,0,Pass,"α-Glucosidase inhibition, AGEs formation inhibition, and oxygen radical absorbance capacity",In vitro enzymatic & radical absorbance assays,10.1155/2023/3159352,2023,Phenolic acid,Phenolic Compound,Journal of Diabetes Research (Hindawi / Wiley),Standardized from v1.0 release,Verified,0.0,1,1,13,46.44140000000002,0.4716213331416678,Pass,1,Fail
AFRO-0005,Epicatechin,Moringa oleifera,Miracle Tree,Moringaceae,Leaf,Nigeria,72276,Oc1cc(O)c2c(c1)O[C@H](c1ccc(O)c(O)c1)[C@H](O)C2,PFTAWBLQPZVEMU-UKRRQHHQSA-N,C15H14O6,290.271,1.5461,5,6,110.38,1,0,Pass,Potential PPAR-γ receptor agonist / Anti-diabetic,"Peroxisome Proliferator-Activated Receptor Gamma (PPAR-γ, PDB ID: 8DK4)",10.1515/chem-2025-0216,2025,Flavanol,Flavonoid,Open Chemistry (De Gruyter),Selected via MD simulation and MM-PBSA,Verified,0.2,3,2,21,72.62300000000002,0.5095927314649248,Pass,0,Pass
AFRO-0006,Genistein,Moringa oleifera,Miracle Tree,Moringaceae,Leaf,Nigeria,5280961,O=c1c(-c2ccc(O)cc2)coc2cc(O)cc(O)c12,TZBJGXHYKVUXJN-UHFFFAOYSA-N,C15H10O5,270.24,2.576800000000001,3,5,90.9,1,0,Pass,Potential PPAR-γ receptor agonist / Anti-diabetic,"Peroxisome Proliferator-Activated Receptor Gamma (PPAR-γ, PDB ID: 8DK4",10.1515/chem-2025-0216,2025,Isoflavone,Flavonoid,Open Chemistry (De Gruyter),Selected via MD simulation and MM-PBSA,Verified,0.0,3,3,20,72.91440000000001,0.6318329361180623,Pass,0,Pass
AFRO-0007,Glucomoringin,Moringa oleifera,Miracle Tree,Moringaceae,Leaf,Nigeria,70678595,C1=CC(=CC=C1C[C@@N](C(=NO)/S(=O)(=O)[O-])S[C@H]2[C@@H]([C@H]([C@@H]([C@H](O2)CO)O)O)O),GCSWWPVDMVEJNW-RTYBTHDYSA-N,C14H19NO10S2,270.24,2.576800000000001,3,5,90.9,1,0,Pass,Potential PPAR-γ receptor agonist / Anti-diabetic,PPAR-γ (PDB ID: 8DK4),10.1515/chem-2025-0216,2025,Glucosinolate,Organosulfur Compound,Open Chemistry (De Gruyter),Selected via MD simulation and MM-PBSA,Verified,0.65,3,1,37,72.91440000000001,0.6318329361180623,Pass,0,Pass
AFRO-0008,Isoquercetin,Moringa oleifera,Miracle Tree,Moringaceae,Leaf,Nigeria,5280804,O=c1c(O[C@@H]2O[C@H](CO)[C@@H](O)[C@H](O)[C@H]2O)c(-c2ccc(O)c(O)c2)oc2cc(O)cc(O)c12,OVSQVDMCBVZWGM-QSOFNFLRSA-N,C21H20O12,464.3790000000002,-0.5388999999999995,8,12,210.51,4,2,Fail,Potential PPAR-γ receptor agonist / Anti-diabetic,PPAR-γ (PDB ID: 8DK4),10.1515/chem-2025-0216,2025,Flavonol glycoside,Flavonoid,Open Chemistry (De Gruyter),Selected via MD simulation and MM-PBSA,Verified,0.2857142857142857,4,3,33,108.9744,0.2288751447852226,Fail,1,Fail
AFRO-0009,Ellagic acid,Moringa oleifera,Miracle Tree,Moringaceae,Leaf,Nigeria,5281855,O=C1Oc2c(O)cc(O)c(c2O)-c2c1coc(=O)c2O,ANRHYBBXINRBRV-UHFFFAOYSA-N,C12H6O8,278.172,0.6617999999999999,4,8,137.43,0,0,Pass,Potential PPAR-γ receptor agonist / Anti-diabetic,PPAR-γ (PDB ID: 8DK4),10.1515/chem-2025-0216,2025,Polyphenol,Phenolic Compound,Open Chemistry (De Gruyter),Selected via MD simulation and MM-PBSA,Verified,0.0,3,2,20,62.03170000000001,0.407066266359713,Pass,0,Pass
AFRO-0010,"Quercetin 3-6""-malonyl-glucoside",Moringa oleifera,Miracle Tree,Moringaceae,Leaf,Nigeria,5282159,O=C(O)CC(=O)OC[C@H]1O[C@@H](Oc2c(-c3ccc(O)c(O)c3)oc3cc(O)cc(O)c3c2=O)[C@H](O)[C@@H](O)[C@@H]1O,NBQPHANHNTWDML-UJKBSQBPSA-N,C24H22O15,550.4250000000003,-0.5132999999999999,8,14,253.88,7,3,Fail,Potential PPAR-γ receptor agonist / Anti-diabetic,PPAR-γ (PDB ID: 8DK4),10.1515/chem-2025-0216,2025,Flavonol glycoside,Flavonoid,Open Chemistry (De Gruyter),Selected via MD simulation and MM-PBSA,Verified,0.2916666666666667,4,3,39,125.1004,0.1046578349359626,Fail,2,Fail
AFRO-0011,Sinalbin,Moringa oleifera,Miracle Tree,Moringaceae,Leaf,Nigeria,656568,O=S(=O)(O)ON=C(Cc1ccc(O)cc1)SC1OC(CO)C(O)C(O)C1O,WWBNBPSEKLOHJU-UHFFFAOYSA-N,C14H19NO10S2,425.4370000000001,-1.3993,6,11,186.34,6,2,Fail,Potential PPAR-γ receptor agonist / Anti-diabetic,PPAR-γ (PDB ID: 8DK4),10.1515/chem-2025-0216,2025,Glucosinolate,Organosulfur Compound,Open Chemistry (De Gruyter),Selected via MD simulation and MM-PBSA,Verified,0.5,2,1,27,93.23760000000003,0.1361681297016531,Fail,1,Fail
AFRO-0012,Rutin,Moringa oleifera,Miracle Tree,Moringaceae,Leaf,Nigeria,5280805,C[C@@H]1O[C@@H](OC[C@H]2O[C@@H](Oc3c(-c4ccc(O)c(O)c4)oc4cc(O)cc(O)c4c3=O)[C@H](O)[C@@H](O)[C@@H]2O)[C@H](O)[C@H](O)[C@H]1O,IKGXIBQEEMLURG-NVPNHPEKSA-N,C27H30O16,610.5210000000004,-1.6871,10,16,269.4299999999999,6,3,Fail,Potential PPAR-γ receptor agonist / Anti-diabetic,PPAR-γ (PDB ID: 8DK4),10.1515/chem-2025-0216,2025,Flavonol glycoside,Flavonoid,Open Chemistry (De Gruyter),Selected via MD simulation and MM-PBSA,Verified,0.4444444444444444,5,3,43,140.196,0.1395178432216246,Fail,3,Fail
AFRO-0013,Daidzein,Moringa oleifera,Miracle Tree,Moringaceae,Leaf,Nigeria,5281708,O=c1c(-c2ccc(O)cc2)coc2cc(O)ccc12,ZQSIJRDFPHDXIC-UHFFFAOYSA-N,C15H10O4,254.241,2.871200000000001,2,4,70.67,1,0,Pass,Potential PPAR-γ receptor agonist / Anti-diabetic,PPAR-γ (PDB ID: 8DK4),10.1515/chem-2025-0216,2025,Isoflavone,Flavonoid,Open Chemistry (De Gruyter),Selected via MD simulation and MM-PBSA,Verified,0.0,3,3,19,71.24960000000002,0.700091545915688,Pass,1,Fail
AFRO-0014,Chlorogenic acid,Moringa oleifera,Miracle Tree,Moringaceae,Leaf,Nigeria,1794427,O=C(/C=C/c1ccc(O)c(O)c1)O[C@@H]1C[C@](O)(C(=O)O)C[C@@H](O)[C@H]1O,CWVRJTMFETXNAD-JUHZACGLSA-N,C16H18O9,354.311,-0.6459000000000001,6,8,164.75,4,1,Pass,Potential PPAR-γ receptor agonist / Anti-diabetic,PPAR-γ (PDB ID: 8DK4),10.1515/chem-2025-0216,2025,Phenolic acid,Phenolic Compound,Open Chemistry (De Gruyter),Selected via MD simulation and MM-PBSA,Verified,0.375,2,1,25,82.51880000000001,0.2340852797608433,Fail,1,Fail
AFRO-0015,Cryptochlorogenic acid,Moringa oleifera,Miracle Tree,Moringaceae,Leaf,Nigeria,9798666,O=C(/C=C/c1ccc(O)c(O)c1)OC1[C@H](O)CC(O)(C(=O)O)C[C@H]1O,GYFFKZTYYAFCTR-AVXJPILUSA-N,C16H18O9,354.3110000000001,-0.6459000000000006,6,8,164.75,4,1,Pass,Potential PPAR-γ receptor agonist / Anti-diabetic,PPAR-γ (PDB ID: 8DK4),10.1515/chem-2025-0216,2025,Phenolic acid,Phenolic Compound,Open Chemistry (De Gruyter),Selected via MD simulation and MM-PBSA,Verified,0.375,2,1,25,82.51880000000001,0.2340852797608433,Fail,1,Fail
AFRO-0016,Marumoside A,Moringa oleifera,Miracle Tree,Moringaceae,Leaf,Nigeria,101794623,C[C@@H]1O[C@@H](Oc2ccc(CC(N)=O)cc2)[C@H](O)[C@H](O)[C@H]1O,FBANEUHXMFEIRO-WBFOWJMUSA-N,C14H19NO6,297.307,-1.0793,4,6,122.24,4,0,Pass,Potential PPAR-γ receptor agonist / Anti-diabetic,PPAR-γ (PDB ID: 8DK4),10.1515/chem-2025-0216,2025,Phenolic Compound,Phenolic Compound,Open Chemistry (De Gruyter),Selected via MD simulation and MM-PBSA,Verified,0.5,2,1,21,72.32380000000002,0.560603061692137,Pass,1,Fail
AFRO-0017,Myricetin,Moringa oleifera,Miracle Tree,Moringaceae,Leaf,Nigeria,101794623,O=c1c(O)c(-c2cc(O)c(O)c(O)c2)oc2cc(O)cc(O)c12,IKMDFBPHZNJCSN-UHFFFAOYSA-N,C15H10O8,318.237,1.6936,6,8,151.59,1,1,Pass,Potential PPAR-γ receptor agonist / Anti-diabetic,PPAR-γ (PDB ID: 8DK4),10.1515/chem-2025-0216,2025,Flavonol,Flavonoid,Open Chemistry (De Gruyter),Selected via MD simulation and MM-PBSA,Verified,0.0,3,3,23,77.90879999999999,0.3707504645634647,Fail,0,Pass
AFRO-0018,Kaempferol-3-O-glucoside,Moringa oleifera,Miracle Tree,Moringaceae,Leaf,Nigeria,5282102,O=c1c(O)c(-c2ccc(O)cc2)oc2cc(O[C@@H]3O[C@H](CO)[C@@H](O)[C@H](O)[C@H]3O)cc(O)c12,YPWHZCPMOQGCDQ-HMGRVEAOSA-N,C21H20O11,448.3800000000002,-0.2445000000000002,7,11,190.28,4,2,Fail,Potential PPAR-γ receptor agonist / Anti-diabetic,PPAR-γ (PDB ID: 8DK4),10.1515/chem-2025-0216,2025,Flavonol glycoside,Flavonoid,Open Chemistry (De Gruyter),Selected via MD simulation and MM-PBSA,Verified,0.2857142857142857,4,3,32,107.3096,0.2786277523316124,Fail,0,Pass
AFRO-0019,Luteolin,Moringa oleifera,Miracle Tree,Moringaceae,Leaf,Nigeria,5280445,O=c1cc(-c2ccc(O)c(O)c2)oc2cc(O)cc(O)c12,IQPNAANSBPBGFQ-UHFFFAOYSA-N,C15H10O6,286.239,2.2824,4,6,111.13,1,0,Pass,Potential PPAR-γ receptor agonist / Anti-diabetic,PPAR-γ (PDB ID: 8DK4),10.1515/chem-2025-0216,2025,Flavone,Flavonoid,Open Chemistry (De Gruyter),Selected via MD simulation and MM-PBSA,Verified,0.0,3,3,21,74.5792,0.5106223467843569,Pass,0,Pass
AFRO-0020,Quercetin,Moringa oleifera,Miracle Tree,Moringaceae,Leaf,Nigeria,5280343,O=c1c(O)c(-c2ccc(O)c(O)c2)oc2cc(O)cc(O)c12,REFJWTPEDVJJIY-UHFFFAOYSA-N,C15H10O7,302.2380000000001,1.988,5,7,131.36,1,0,Pass,Potential PPAR-γ receptor agonist / Anti-diabetic,PPAR-γ (PDB ID: 8DK4),10.1515/chem-2025-0216,2025,Flavonol,Flavonoid,Open Chemistry (De Gruyter),Selected via MD simulation and MM-PBSA,Verified,0.0,3,3,22,76.244,0.4341904402990981,Pass,0,Pass
AFRO-0021,Apigenin,Moringa oleifera,Miracle Tree,Moringaceae,Leaf,Nigeria,5280443,O=c1cc(-c2ccc(O)cc2)oc2cc(O)cc(O)c12,KZNIFHPLKGYRTM-UHFFFAOYSA-N,C15H10O5,270.24,2.576800000000001,3,5,90.9,1,0,Pass,Potential PPAR-γ receptor agonist / Anti-diabetic,PPAR-γ (PDB ID: 8DK4),10.1515/chem-2025-0216,2025,Flavone,Flavonoid,Open Chemistry (De Gruyter),Selected via MD simulation and MM-PBSA,Verified,0.0,3,3,20,72.91440000000001,0.6318329361180623,Pass,0,Pass
AFRO-0022,Isorhamnetin,Moringa oleifera,Miracle Tree,Moringaceae,Leaf,Nigeria,5281654,COc1cc(O)ccc1-c1oc2cc(O)cc(O)c2c(=O)c1O,KOGSTTPXQAYLHK-UHFFFAOYSA-N,C16H12O7,316.265,2.291,4,7,120.36,2,0,Pass,Potential PPAR-γ receptor agonist / Anti-diabetic,PPAR-γ (PDB ID: 8DK4),10.1515/chem-2025-0216,2025,Flavonol,Flavonoid,Open Chemistry (De Gruyter),Selected via MD simulation and MM-PBSA,Verified,0.0625,3,3,23,81.1312,0.5721390849031665,Pass,0,Pass
AFRO-0023,Kaempferol-3-O-alpha-rhamnoside,Moringa oleifera,Miracle Tree,Moringaceae,Leaf,Nigeria,5316673,CC1OC(Oc2c(-c3ccc(O)cc3)oc3cc(O)cc(O)c3c2=O)C(O)C(O)C1O,SOSLMHZOJATCCP-UHFFFAOYSA-N,C21H20O10,432.3810000000001,0.7830999999999995,6,10,170.05,3,1,Pass,Potential PPAR-γ receptor agonist / Anti-diabetic,PPAR-γ (PDB ID: 8DK4),10.1515/chem-2025-0216,2025,Flavonol glycoside,Flavonoid,Open Chemistry (De Gruyter),Selected via MD simulation and MM-PBSA,Verified,0.2857142857142857,4,3,31,105.8978,0.347581342444577,Fail,0,Pass
AFRO-0024,Astragalin,Moringa oleifera,Miracle Tree,Moringaceae,Leaf,Nigeria,5282102,O=c1c(O)c(-c2ccc(O)cc2)oc2cc(O[C@@H]3O[C@H](CO)[C@@H](O)[C@H](O)[C@H]3O)cc(O)c12,YPWHZCPMOQGCDQ-HMGRVEAOSA-N,C21H20O11,448.3800000000002,-0.2445000000000002,7,11,190.28,4,2,Fail,Potential PPAR-γ receptor agonist / Anti-diabetic,PPAR-γ (PDB ID: 8DK4),10.1515/chem-2025-0216,2025,Flavonol glycoside,Flavonoid,Open Chemistry (De Gruyter),Selected via MD simulation and MM-PBSA,Verified,0.2857142857142857,4,3,32,107.3096,0.2786277523316124,Fail,0,Pass
AFRO-0025,Kaempferol,Moringa oleifera,Miracle Tree,Moringaceae,Leaf,Nigeria,5280863,O=c1c(O)c(-c2ccc(O)cc2)oc2cc(O)cc(O)c12,IYRMWMYZSQPJKC-UHFFFAOYSA-N,C15H10O6,286.239,2.2824,4,6,111.13,1,0,Pass,Potential PPAR-γ receptor agonist / Anti-diabetic,PPAR-γ (PDB ID: 8DK4),10.1515/chem-2025-0216,2025,Flavonol,Flavonoid,Open Chemistry (De Gruyter),Selected via MD simulation and MM-PBSA,Verified,0.0,3,3,21,74.5792,0.5458513994143424,Pass,0,Pass
AFRO-0026,Niazirinin,Moringa oleifera,Miracle Tree,Moringaceae,Leaf,Nigeria,10426197,CC(=O)O[C@@H]1[C@@H](O)[C@@H](O)[C@H](Oc2ccc(CC#N)cc2)O[C@H]1C,QSGQMXJNFWYWMM-QOYUQHOESA-N,C16H19NO6,321.329,0.5297799999999995,2,7,109.01,4,0,Pass,Potential PPAR-γ receptor agonist / Anti-diabetic,PPAR-γ (PDB ID: 8DK4),10.1515/chem-2025-0216,2025,Phenylpropanoid glycoside,Phenylpropanoid,Open Chemistry (De Gruyter),"Extracted from PubChem, screening against INSR",Verified,0.5,2,1,23,78.28960000000004,0.7784911447253746,Pass,0,Pass
AFRO-0027,Kaempferol-3-O-rutinoside,Moringa oleifera,Miracle Tree,Moringaceae,Leaf,Nigeria,5318767,CC1OC(O[C@@H]2C(O)[C@H](CO)O[C@H](O[C@@H]3OC(CO)C(O)C(O)C3O)[C@H]2O)C(O)C(O)C1O,LUUKUKOJVUARLB-OKEYHNKUSA-N,C18H32O15,488.4390000000001,-6.545399999999989,10,15,248.45,6,2,Fail,Potential PPAR-γ receptor agonist / Anti-diabetic,PPAR-γ (PDB ID: 8DK4),10.1515/chem-2025-0216,2025,Flavonol glycoside,Flavonoid,Open Chemistry (De Gruyter),"Extracted from PubChem, screening against INSR",Verified,1.0,3,0,33,99.84100000000001,0.166843493938303,Fail,2,Fail
AFRO-0028,Quercetin-3-O-glucoside,Moringa oleifera,Miracle Tree,Moringaceae,Leaf,Nigeria,5280804,O=c1c(OC2OC(CO)C(O)C(O)C2O)c(-c2ccc(O)c(O)c2)oc2cc(O)cc(O)c12,OVSQVDMCBVZWGM-UHFFFAOYSA-N,C21H20O12,464.3790000000002,-0.5388999999999995,8,12,210.51,4,2,Fail,Potential PPAR-γ receptor agonist / Anti-diabetic,PPAR-γ (PDB ID: 8DK4),10.1515/chem-2025-0216,2025,Flavonol glycoside,Flavonoid,Open Chemistry (De Gruyter),"Extracted from PubChem, screening against INSR",Verified,0.2857142857142857,4,3,33,108.9744,0.2288751447852226,Fail,1,Fail
AFRO-0029,Sinapinic acid,Moringa oleifera,Miracle Tree,Moringaceae,Leaf,Nigeria,637775,COc1cc(O)c(OC)c(/C=C/C(=O)O)c1,PURQJDIUEDXRAB-ONEGZZNKSA-N,C11H12O5,224.212,1.5072,2,4,75.99,4,0,Pass,Potential PPAR-γ receptor agonist / Anti-diabetic,PPAR-γ (PDB ID: 8DK4),10.1515/chem-2025-0216,2025,Phenolic acid,Phenolic Compound,Open Chemistry (De Gruyter),"Extracted from PubChem, screening against INSR",Verified,0.1818181818181818,1,1,16,57.88060000000002,0.7578877168072972,Pass,1,Fail
AFRO-0030,Ferulic acid,Moringa oleifera,Miracle Tree,Moringaceae,Leaf,Nigeria,445858,COc1cc(/C=C/C(=O)O)ccc1O,KSEBMYQBYZTDHS-HWKANZROSA-N,C10H10O4,194.186,1.4986,2,3,66.76,3,0,Pass,Potential PPAR-γ receptor agonist / Anti-diabetic,PPAR-γ (PDB ID: 8DK4),10.1515/chem-2025-0216,2025,Phenolic acid,Phenolic Compound,Open Chemistry (De Gruyter),"Extracted from PubChem, screening against INSR",Verified,0.1,1,1,14,51.32860000000002,0.7153202107154631,Pass,1,Fail
AFRO-0031,Beta-sitosterol,Moringa oleifera,Miracle Tree,Moringaceae,Leaf,Nigeria,222284,CC[C@H](CC[C@@H](C)[C@H]1CC[C@H]2[C@@H]3CC=C4C[C@@H](O)CC[C@]4(C)[C@H]3CC[C@]12C)C(C)C,KZJWDPNRJALLNS-VJSFXXLFSA-N,C29H50O,414.7180000000003,8.02480000000001,1,1,20.23,6,1,Pass,Potential PPAR-γ receptor agonist / Anti-diabetic,PPAR-γ (PDB ID: 8DK4),10.1515/chem-2025-0216,2025,Phytosterol,Steroid,Open Chemistry (De Gruyter),"Extracted from PubChem, screening against INSR",Verified,0.9310344827586207,4,0,30,128.2168000000001,0.436095641737511,Pass,1,Fail
AFRO-0032,Caffeic acid,Moringa oleifera,Miracle Tree,Moringaceae,Leaf,Nigeria,689043,O=C(O)/C=C/c1ccc(O)c(O)c1,QAIPRVGONGVQAS-DUXPYHPUSA-N,C9H8O4,180.159,1.1956,3,3,77.76,2,0,Pass,Potential PPAR-γ receptor agonist / Anti-diabetic,PPAR-γ (PDB ID: 8DK4),10.1515/chem-2025-0216,2025,Phenolic acid,Phenolic Compound,Open Chemistry (De Gruyter),"Extracted from PubChem, screening against INSR",Verified,0.0,1,1,13,46.44140000000002,0.4716213331416678,Pass,1,Fail
AFRO-0033,Gentisic acid,Moringa oleifera,Miracle Tree,Moringaceae,Leaf,Nigeria,3469,O=C(O)c1cccc(O)c1O,GLDQAMYCGOIJDV-UHFFFAOYSA-N,C7H6O4,154.121,0.7959999999999998,3,3,77.76,1,0,Pass,Potential PPAR-γ receptor agonist / Anti-diabetic,PPAR-γ (PDB ID: 8DK4),10.1515/chem-2025-0216,2025,Phenolic acid,Phenolic Compound,Open Chemistry (De Gruyter),"Extracted from PubChem, screening against INSR",Verified,0.0,1,1,11,36.73090000000001,0.5224912248827285,Pass,3,Fail
AFRO-0034,o-Coumaric acid,Moringa oleifera,Miracle Tree,Moringaceae,Leaf,Nigeria,637540,O=C(O)C=Cc1ccccc1O,PMOWTIHVNWZYFI-UHFFFAOYSA-N,C9H8O3,164.16,1.49,2,2,57.53,2,0,Pass,Potential PPAR-γ receptor agonist / Anti-diabetic,PPAR-γ (PDB ID: 8DK4),10.1515/chem-2025-0216,2025,Phenolic acid,Phenolic Compound,Open Chemistry (De Gruyter),"Extracted from PubChem, screening against INSR",Verified,0.0,1,1,12,44.77660000000002,0.65083387330713,Pass,1,Fail
AFRO-0035,Gallic acid,Moringa oleifera,Miracle Tree,Moringaceae,Leaf,Nigeria,370,O=C(O)c1cc(O)c(O)cc1O,GPDXFYPVHRESMA-UHFFFAOYSA-N,C7H6O5,170.12,0.5015999999999996,4,4,97.99000000000001,1,0,Pass,Potential PPAR-γ receptor agonist / Anti-diabetic,PPAR-γ (PDB ID: 8DK4),10.1515/chem-2025-0216,2025,Phenolic acid,Phenolic Compound,Open Chemistry (De Gruyter),"Extracted from PubChem, screening against INSR",Verified,0.0,1,1,12,38.39570000000001,0.3631403063493166,Pass,2,Fail
AFRO-0036,Salicylic acid,Moringa oleifera,Miracle Tree,Moringaceae,Leaf,Nigeria,338,O=C(O)c1ccccc1O,YGSDEFSMJLZEOE-UHFFFAOYSA-N,C7H6O3,138.122,1.0904,2,2,57.53,1,0,Pass,Potential PPAR-γ receptor agonist / Anti-diabetic,PPAR-γ (PDB ID: 8DK4),10.1515/chem-2025-0216,2025,Phenolic acid,Phenolic Compound,Open Chemistry (De Gruyter),"Extracted from PubChem, screening against INSR",Verified,0.0,1,1,10,35.06610000000001,0.6102585058580265,Pass,3,Fail
AFRO-0037,p-Coumaric acid,Moringa oleifera,Miracle Tree,Moringaceae,Leaf,Nigeria,637542,O=C(O)/C=C/c1ccc(O)cc1,NGSWKAQJJWESNS-ZZXKWVIFSA-N,C9H8O3,164.16,1.49,2,2,57.53,2,0,Pass,Potential PPAR-γ receptor agonist / Anti-diabetic,PPAR-γ (PDB ID: 8DK4),10.1515/chem-2025-0216,2025,Phenolic acid,Phenolic Compound,Open Chemistry (De Gruyter),"Extracted from PubChem, screening against INSR",Verified,0.0,1,1,12,44.77660000000002,0.65083387330713,Pass,1,Fail
AFRO-0038,Syringic acid,Moringa oleifera,Miracle Tree,Moringaceae,Leaf,Nigeria,10742,COc1cc(C(=O)O)cc(OC)c1O,JMSVCTWVEWCHDZ-UHFFFAOYSA-N,C9H10O5,198.174,1.1076,2,4,75.99000000000001,3,0,Pass,Potential PPAR-γ receptor agonist / Anti-diabetic,PPAR-γ (PDB ID: 8DK4),10.1515/chem-2025-0216,2025,Phenolic acid,Phenolic Compound,Open Chemistry (De Gruyter),"Extracted from PubChem, screening against INSR",Verified,0.2222222222222222,1,1,14,48.17010000000002,0.7602674433200692,Pass,1,Fail
AFRO-0039,D-Allose,Moringa oleifera,Miracle Tree,Moringaceae,Leaf,Nigeria,439353,O=C[C@H](O)[C@H](O)[C@@H](O)[C@H](O)CO,GZCGUPFRVQAUEE-FSIIMWSLSA-N,C6H12O6,180.156,-3.3788,5,6,118.22,5,0,Pass,Potential PPAR-γ receptor agonist / Anti-diabetic,PPAR-γ (PDB ID: 8DK4),10.1515/chem-2025-0216,2025,Monosaccharide,Carbohydrate,Open Chemistry (De Gruyter),"Extracted from PubChem, screening against INSR",Verified,0.8333333333333334,0,0,12,37.177,0.2816378107304672,Pass,3,Fail
AFRO-0040,Niaziminin,Moringa oleifera,Miracle Tree,Moringaceae,Leaf,Nigeria,10023860,CC(=O)OC1C(C(OC(C1O)C)OC2=CC=C(C=C2)CNC(=S)OC)O,XWQBHXJFNACNQR-UHFFFAOYSA-N,C21H20O11,448.3800000000002,-0.2444999999999992,7,11,190.28,4,2,Fail,Potential PPAR-γ receptor agonist / Anti-diabetic,PPAR-γ (PDB ID: 8DK4),10.1515/chem-2025-0216,2025,Thiocarbamate glycoside,Organosulfur Compound,Open Chemistry (De Gruyter),"Extracted from PubChem, screening against INSR",Verified,0.2857142857142857,4,3,32,107.3096,0.2786277523316124,Fail,0,Pass
AFRO-0041,Vanillin,Moringa oleifera,Miracle Tree,Moringaceae,Leaf,Nigeria,1183,COc1cc(C=O)ccc1O,MWOOGOJBHIARFG-UHFFFAOYSA-N,C8H8O3,152.149,1.2133,1,3,46.53,2,0,Pass,Potential PPAR-γ receptor agonist / Anti-diabetic,PPAR-γ (PDB ID: 8DK4),10.1515/chem-2025-0216,2025,Phenolic aldehyde,Phenolic Compound,Open Chemistry (De Gruyter),"Extracted from PubChem, screening against INSR",Verified,0.125,1,1,11,40.04630000000002,0.6477438574453785,Pass,2,Fail
AFRO-0042,Mangiferin,Mangifera indica,Mango,Anacardiaceae,Leaves; Bark,Nigeria,5281647,O=C1c2cc(O)c(O)cc2C(=O)c2c1cc(O)c(O)c2[C@@H]1O[C@H](CO)[C@@H](O)[C@H](O)[C@H]1O,SLXXRYBPSNCVFA-FJITVDBRSA-N,C20H18O11,434.3530000000001,-1.200700000000001,8,11,205.21,2,2,Fail,"Antidiabetic, hypoglycemic, antioxidant","α-Amylase, α-Glucosidase, PTP1B, DPP-4",10.63125/anaf6b94,2022,Xanthone glycoside,Glycoside,American Journal of Interdisciplinary Studies (American Scholarly Publishing Group Inc),Systematic review docking & MD synthesis,Verified,0.3,4,2,31,99.1284,0.2248385562439677,Fail,1,Fail
AFRO-0043,Quercetin,Mangifera indica,Mango,Anacardiaceae,Peel; Leaves,Nigeria,5280343,O=c1c(O)c(-c2ccc(O)c(O)c2)oc2cc(O)cc(O)c12,REFJWTPEDVJJIY-UHFFFAOYSA-N,C15H10O7,302.2380000000001,1.988,5,7,131.36,1,0,Pass,"Antidiabetic, antioxidant, α-glucosidase inhibition","α-Amylase, α-Glucosidase, PTP1B, DPP-4",10.63125/anaf6b94,2022,Flavonol,Flavonoid,American Journal of Interdisciplinary Studies (American Scholarly Publishing Group Inc),Systematic review docking & in vitro synthesis,Verified,0.0,3,3,22,76.244,0.4341904402990981,Pass,0,Pass
AFRO-0044,Catechins,Mangifera indica,Mango,Anacardiaceae,Kernels; Peel,Nigeria,73160,Oc1cc(O)c2c(c1)O[C@H](c1ccc(O)c(O)c1)[C@@H](O)C2,PFTAWBLQPZVEMU-DZGCQCFKSA-N,C15H14O6,290.271,1.5461,5,6,110.38,1,0,Pass,"Antidiabetic, antioxidant","α-Amylase, α-Glucosidase",10.63125/anaf6b94,2022,Flavanols,Flavonoid,American Journal of Interdisciplinary Studies (American Scholarly Publishing Group Inc),Systematic review docking & in vitro synthesis,Verified,0.2,3,2,21,72.62300000000002,0.5095927314649248,Pass,0,Pass
AFRO-0045,Epicatechins,Mangifera indica,Mango,Anacardiaceae,Kernels,Nigeria,72276,Oc1cc(O)c2c(c1)O[C@@H](c1ccc(O)c(O)c1)[C@@H](O)C2,PFTAWBLQPZVEMU-ZFWWWQNUSA-N,C15H14O6,290.271,1.5461,5,6,110.38,1,0,Pass,"Antidiabetic, antioxidant, insulin-sensitizing activity","α-Amylase, α-Glucosidase",10.63125/anaf6b94,2022,Flavanols,Flavonoid,American Journal of Interdisciplinary Studies (American Scholarly Publishing Group Inc),Systematic review docking & MD synthesis,Verified,0.2,3,2,21,72.62300000000002,0.5095927314649248,Pass,0,Pass
AFRO-0046,Gallic acid,Anacardium occidentale L.,Red Cashew,Anacardiaceae,Root,Nigeria,370,O=C(O)c1cc(O)c(O)c(O)c1,LNTHITQWFMADLM-UHFFFAOYSA-N,C7H6O5,170.12,0.5015999999999998,4,4,97.99000000000001,1,0,Pass,"Antidiabetic, α-glucosidase inhibitor","PDX-1 (6F8F), SUR1 (6PZ9), Insulin kinase receptor (3EKK), GLUT1 (4PYP), α-Amylase (1B2Y), α-Glucosidase (2QMJ), Glucokinase (3S41), Glycogen Phosphorylase (4MRA), FBPase 1 (5PZX), GLP-1R (3IOL), PPAR-γ (5YCP)",10.1016/j.sajb.2023.12.006,2024,Phenolic acid,Phenolic Compound,South African Journal of Botany,Isolated via column chromatography from 80% MAO extract,Verified,0.0,1,1,12,38.39570000000001,0.4598882295004826,Pass,2,Fail
AFRO-0047,picein,Anacardium occidentale L.,Red Cashew,Anacardiaceae,Root,Nigeria,92123,CC(=O)c1ccc(OC2OC(CO)C(O)C(O)C2O)cc1,GOZCEKPKECLKNO-UHFFFAOYSA-N,C14H18O7,298.291,-0.9321000000000006,4,7,116.45,4,0,Pass,Antidiabetic / SUR1 Binding,SUR1 (6PZ9) / GLUT1 (4PYP),10.1016/j.sajb.2023.12.006,2024,Phenolic glycoside,Phenolic Compound,South African Journal of Botany,Quantified via HPLC-PDA (8231.61 ng/mg),Verified,0.5,2,1,21,70.84170000000003,0.5304701471736127,Pass,1,Fail
AFRO-0048,epicatechin,Anacardium occidentale L.,Red Cashew,Anacardiaceae,Root,Nigeria,72276,Oc1cc(O)c2c(c1)OC(c1ccc(O)c(O)c1)C(O)C2,PFTAWBLQPZVEMU-UHFFFAOYSA-N,C15H14O6,290.271,1.5461,5,6,110.38,1,0,Pass,Antidiabetic / High Binding Affinity,"PDX-1 (6F8F), SUR1 (6PZ9), Insulin kinase receptor (3EKK), GLUT1 (4PYP), α-Amylase (1B2Y), α-Glucosidase (2QMJ), Glucokinase (3S41), Glycogen Phosphorylase (4MRA), PDX-1 (6F8F) / GLUT1 (4PYP) / Glucokinase (3S41)",10.1016/j.sajb.2023.12.006,2024,Flavanol,Flavonoid,South African Journal of Botany,Quantified via HPLC-PDA (22395.55 ng/mg),Verified,0.2,3,2,21,72.62300000000002,0.5095927314649248,Pass,0,Pass
AFRO-0049,Caffeic acid,Anacardium occidentale L.,Red Cashew,Anacardiaceae,Root,Nigeria,689043,O=C(O)/C=C/c1ccc(O)c(O)c1,QAIPRVGONGVQAS-DUXPYHPUSA-N,C9H8O4,180.159,1.1956,3,3,77.76,2,0,Pass,Antidiabetic / Synergy,SUR1 (6PZ9) / GLUT1 (4PYP),10.1016/j.sajb.2023.12.006,2024,Phenolic acid,Phenolic Compound,South African Journal of Botany,Quantified via HPLC-PDA (5412.10 ng/mg),Verified,0.0,1,1,13,46.44140000000002,0.4716213331416678,Pass,1,Fail
AFRO-0050,Taxifolin,Anacardium occidentale L.,Red Cashew,Anacardiaceae,Root,Nigeria,439533,O=C1c2c(O)cc(O)cc2OC(c2ccc(O)c(O)c2)C1O,CXQWRCVTCMQVQX-UHFFFAOYSA-N,C15H12O7,304.254,1.186299999999999,5,7,127.45,1,0,Pass,Antidiabetic / Kinase & Enzyme Inhibitor,Insulin Kinase Receptor (3EKK) / Glycogen Phosphorylase (4MRA),10.1016/j.sajb.2023.12.006,2023,Flavanonol,Flavonoid,South African Journal of Botany,Quantified via HPLC-PDA (7478.57 ng/mg,Verified,0.1333333333333333,3,2,22,73.24950000000001,0.5005308756296323,Pass,0,Pass
AFRO-0051,Ferulic acid,Anacardium occidentale L.,Red Cashew,Anacardiaceae,Root,Nigeria,445858,COc1cc(/C=C/C(=O)O)ccc1O,KSEBMYQBYZTDHS-HWKANZROSA-N,C10H10O4,194.186,1.4986,2,3,66.76,3,0,Pass,Antidiabetic / Synergy,SUR1 (6PZ9) / Glucokinase (3S41),10.1016/j.sajb.2023.12.006,2023,Phenolic acid,Phenolic Compound,South African Journal of Botany,Quantified via HPLC-PDA (2.85 ng/mg),Verified,0.1,1,1,14,51.32860000000002,0.7153202107154631,Pass,1,Fail
AFRO-0052,Naringenin,Anacardium occidentale L.,Red Cashew,Anacardiaceae,Root,Nigeria,932,O=C1CC(c2ccc(O)cc2)Oc2cc(O)cc(O)c21,FTVWIRXFELQLPI-UHFFFAOYSA-N,C15H12O5,272.256,2.509900000000001,3,5,86.99000000000001,1,0,Pass,Antidiabetic / Multi-target,Insulin Kinase Receptor (3EKK) / SUR1 (6PZ9),10.1016/j.sajb.2023.12.006,2023,Flavanone,Flavonoid,South African Journal of Botany,Quantified via HPLC-PDA (94.86 ng/mg),Verified,0.1333333333333333,3,2,20,70.19490000000002,0.7421139126791214,Pass,0,Pass
AFRO-0053,Marsectohexol,Gongronema latifolium Benth.,"Bushbuck (English), Utazi (Igbo), Madumaro/Arokeke (Yoruba), Utasi (Ibibio/Efik)",Asclepiadaceae,Leaf,Nigeria,15560121,CC(O)C1CCC2(O)C3(O)CC=C4CC(O)CCC4(C)C3C(O)C(O)C12C,ZKHPKHVTGSOEKJ-UHFFFAOYSA-N,C21H34O6,382.4970000000001,0.4784999999999996,6,6,121.38,1,1,Pass,"α-Amylase inhibitor, blood glucose level reduction","Porcine Pancreatic α-Amylase (PPA), Human Pancreatic α-Amylase (HPA), Human Salivary α-Amylase (HSA)",10.3389/fmolb.2022.866719,2022,Steroidal Pregnane,Steroid,Frontiers in Molecular Biosciences,"Demonstrated an IC50​ of 10.01 μM against porcine pancreatic α-amylase, outperforming reference acarbose (IC50​=13.47 μM).",Verified,0.9047619047619048,4,0,27,98.57980000000003,0.3669805148518275,Pass,0,Pass
AFRO-0054,Quercetin,Gongronema latifolium,"Bushbuck (English), Utazi (Igbo), Madumaro/Arokeke (Yoruba), Utasi (Ibibio/Efik)",Asclepiadaceae,Leaf,Nigeria,5280343,O=c1c(O)c(-c2ccc(O)c(O)c2)oc2cc(O)cc(O)c12,REFJWTPEDVJJIY-UHFFFAOYSA-N,C15H10O7,302.2380000000001,1.988,5,7,131.36,1,0,Pass,"Multi-target T2DM inhibitor, GLP-1R agonist","GSK-3β, GLP-1R, Human Aldose Reductase",10.1007/s42452-021-04880-2,2022,Flavonoid,Flavonoid,SN Applied Sciences,"Docking scores: −13.138 kcal/mol ((GSK-3β)), −12.860 kcal/mol (GLP-1R), −11.687 kcal/mol (Aldose Reductase).",Verified,0.0,3,3,22,76.244,0.4341904402990981,Pass,0,Pass
AFRO-0055,Chicoric acid,Gongronema latifolium,"Bushbuck (English), Utazi (Igbo), Madumaro/Arokeke (Yoruba), Utasi (Ibibio/Efik)",Asclepiadaceae,Leaf,Nigeria,5281764,O=C(C=Cc1ccc(O)c(O)c1)OC(C(=O)O)C(OC(=O)C=Cc1ccc(O)c(O)c1)C(=O)O,YDDGKXBLOXEEMN-UHFFFAOYSA-N,C22H18O12,474.3740000000002,1.2284,6,10,208.12,9,1,Pass,"Multi-target T2DM inhibitor, GLP-1R agonist","GSK-3β, GLP-1R, Human Aldose Reductase",10.1007/s42452-021-04880-2,2022,Hydroxycinnamic acid,Phenolic Compound,SN Applied Sciences,Exhibited high stability with GLP-1R (ΔG=−62.038 kcal/mol) and high docking scores across all three targets.,Verified,0.09090909090909091,2,2,34,112.6428,0.1722185031058448,Fail,0,Pass
AFRO-0056,Rosmarinic acid,Gongronema latifolium,"Bushbuck (English), Utazi (Igbo), Madumaro/Arokeke (Yoruba), Utasi (Ibibio/Efik)",Asclepiadaceae,Leaf,Nigeria,5281792,O=C(C=Cc1ccc(O)c(O)c1)OC(Cc1ccc(O)c(O)c1)C(=O)O,DOUMFZQKYFQNTF-UHFFFAOYSA-N,C18H16O8,360.3180000000001,1.7613,5,7,144.52,6,0,Pass,Aldose Reductase Inhibitors (ARIs) and Glycogen Synthase Kinase-3 Beta (GSK-3β) Inhibitors,"Human Aldose Reductase, GSK-3β, GLP-1R",10.1007/s42452-021-04880-2,2022,Hydroxycinnamic acid,Phenolic Compound,SN Applied Sciences,Lowest binding energy against Aldose Reductase with an XP glide score of −15.385 kcal/mol.,Verified,0.1111111111111111,2,2,26,89.79700000000004,0.2976482103733651,Fail,0,Pass
AFRO-0057,Moracin P,Morus mesozygia,African Mulberry,Moraceae,Root bark,Nigeria,25208124,CC1(C)Oc2cc3oc(-c4cc(O)cc(O)c4)cc3cc2CC1O,QFUCSEIKNTUPPA-UHFFFAOYSA-N,C19H18O5,326.3480000000001,3.585400000000003,3,5,83.06,1,0,Pass,α-glucosidase inhibition; DPP-4 inhibition,"α-glucosidase, DPP-4",10.3389/fphar.2024.1338333,2024,Arylbenzofuran,Phenylpropanoid,Frontiers in Pharmacology,Strong α-glucosidase inhibitor,Verified,0.2631578947368421,4,3,24,89.39740000000003,0.6364230760987256,Pass,0,Pass
AFRO-0058,Moracin M,Morus mesozygia,African Mulberry,Moraceae,Root bark,Nigeria,185848,Oc1cc(O)cc(-c2cc3ccc(O)cc3o2)c1,LHPRYOJTASOZGJ-UHFFFAOYSA-N,C14H10O4,242.23,3.2166,3,4,73.83,1,0,Pass,α-glucosidase inhibition; DPP-4 inhibition,"α-glucosidase, DPP-4",10.3389/fphar.2024.1338333,2024,Arylbenzofuran,Phenylpropanoid,Frontiers in Pharmacology,Isolated from root bark extract,Verified,0.0,3,3,18,66.64440000000003,0.6121514161170469,Pass,1,Fail
AFRO-0059,S-methylcysteinesulfoxide (SMCS),Allium cepa L.,Onion,Alliaceae,Bulb,Nigeria,82142,CS(=O)CC(N)C(=O)O,ZZLHPCSGGOGHFW-UHFFFAOYSA-N,C4H9NO3S,151.187,-1.223199999999999,2,3,80.39,3,0,Pass,"Antidiabetic, insulin secretagogue","Pancreatic β-cells, liver insulin-inactivating sites",10.4172/2155-6156.1000546,2015,Organosulfur / Amino acid derivative,Organosulfur Compound,Journal of Diabetes & Metabolism,Stimulates insulin secretion; competes with insulin for liver inactivating sites.,Verified,0.75,0,0,9,34.5446,0.5293332577668588,Pass,4,Fail
AFRO-0060,S-allylcysteinesulfoxide (SACS),Allium sativum L.,Garlic,Alliaceae,Clove,Nigeria,121922,C=CCS(=O)CC(N)C(=O)O,XUHLIQGRKRUKPH-UHFFFAOYSA-N,C6H11NO3S,177.225,-0.6669999999999991,2,3,80.39,5,0,Pass,"Antidiabetic, antioxidant, gluconeogenesis inhibitor","Hepatic gluconeogenic enzymes, pancreatic β-cells",10.4172/2155-6156.1000546,2015,Organosulfur / Amino acid derivative,Organosulfur Compound,Journal of Diabetes & Metabolism,Inhibits gluconeogenesis and lipid peroxidation; precursor of allicin.,Verified,0.5,0,0,11,43.68460000000001,0.5458370887986503,Pass,2,Fail
AFRO-0061,Lophenol,Aloe vera (L.) Burm.f.,Aloe vera,Asphodelaceae,Leaf gel; pulp,Nigeria,160482,CC(C)CCCC(C)C1CCC2C3=CCC4C(C)C(O)CCC4(C)C3CCC21C,LMYZQUNLYGJIHI-UHFFFAOYSA-N,C28H48O,400.6910000000003,7.634700000000009,1,1,20.23,5,1,Pass,"Antidiabetic, blood glucose lowering","Pancreatic β-cells, carbohydrate metabolizing enzymes",10.4172/2155-6156.1000546,2015,Phytosterol,Steroid,Journal of Diabetes & Metabolism,Causes significant reduction in HbA1c levels.,Verified,0.9285714285714286,4,0,29,123.5998000000001,0.4701292988800478,Pass,1,Fail
AFRO-0062,Catharanthine,Catharanthus roseus (L.) G.Don,Madagascar Periwinkle,Apocynaceae,Fresh leaf juice,"Nigeria, UK",5458190,CCC1=CC2CN3CCc4c([nH]c5ccccc45)C(C(=O)OC)(C2)C13,CMKFQVZJOWHHDV-UHFFFAOYSA-N,C21H24N2O2,336.4350000000002,3.175300000000002,1,3,45.33,2,0,Pass,"Hypoglycemic, antidiabetic",Hepatic glucose metabolizing enzymes,10.4172/2155-6156.1000546,2015,Terpenoid Indole Alkaloid,Alkaloid,Journal of Diabetes & Metabolism,Increases hepatic utilization of glucose.,Verified,0.4761904761904762,6,2,25,97.53870000000005,0.6766726151242263,Pass,0,Pass
AFRO-0063,Vindoline,Catharanthus roseus (L.) G.Don,Madagascar Periwinkle,Apocynaceae,Fresh leaf juice,"Nigeria, UK",260535,CCC12C=CCN3CCC4(c5ccc(OC)cc5N(C)C4C(O)(C(=O)OC)C1OC(C)=O)C32,CXBGOBGJHGGWIE-UHFFFAOYSA-N,C25H32N2O6,456.5390000000003,1.6413,1,8,88.53999999999999,4,0,Pass,"Hypoglycemic, antidiabetic","Hepatic glycogen synthase, G6PDH",10.4172/2155-6156.1000546,2015,Terpenoid Indole Alkaloid,Alkaloid,Journal of Diabetes & Metabolism,Suppresses gluconeogenic enzymes.,Verified,0.6,5,1,33,121.2248000000001,0.540537430839543,Pass,0,Pass
AFRO-0064,Cinnamaldehyde,Cinnamomum cassia,Chinese cinnamon,Lauraceae,Bark,Nigeria,637511,O=CC=Cc1ccccc1,KJPRLNWUNMBNBZ-UHFFFAOYSA-N,C9H8O,132.162,1.8987,0,1,17.07,2,0,Pass,"Insulin mimetic, antidiabetic","3T3-L1 Adipocytes, insulin pathways",10.4172/2155-6156.1000546,2015,Phenylpropanoid,Phenylpropanoid,Journal of Diabetes & Metabolism,Enhances insulin action and increases glucose uptake.,Verified,0.0,1,1,10,41.54000000000002,0.4433687822838736,Pass,2,Fail
AFRO-0065,Beta-sitosterol,Coccinia indica,Ivy gourd,Cucurbitaceae,Leaves,Nigeria,222284,CCC(CCC(C)C1CCC2C3CC=C4CC(O)CCC4(C)C3CCC12C)C(C)C,KZJWDPNRJALLNS-UHFFFAOYSA-N,C29H50O,414.7180000000003,8.02480000000001,1,1,20.23,6,1,Pass,Hypoglycemic,"Glucose-6-phosphatase, glycogen synthase",10.4172/2155-6156.1000546,2015,Phytosterol,Steroid,Journal of Diabetes & Metabolism,Suppresses key gluconeogenic enzymes.,Verified,0.9310344827586207,4,0,30,128.2168000000001,0.436095641737511,Pass,1,Fail
AFRO-0066,Leucopelargonidin derivative,Ficus bengalensis Linn.,Indian Banyan tree,Moraceae,Bark; leaves,Nigeria,282014,Oc1ccc(C2Oc3cc(O)cc(O)c3CC2O)cc1,RSYUFYQTACJFML-UHFFFAOYSA-N,C15H14O5,274.272,1.8405,4,5,90.15,1,0,Pass,"Hypoglycemic, insulin secretagogue","Pancreatic β-cells, insulinase",10.4172/2155-6156.1000546,2015,"Flavonoid / Flavan-3,4-diol",Flavonoid,Journal of Diabetes & Metabolism,Stimulates insulin secretion and inhibits insulinase activity.,Verified,0.2,3,2,20,70.95820000000003,0.6368099492481563,Pass,0,Pass
AFRO-0067,Charantin,Momordica charantia / M. cymbalaria,Bitter Melon,Cucurbitaceae,"Fruit pulp, seeds",Nigeria,296119,CCC(CCC(C)C1CCC2C3CC=C4CC(OC5OC(CO)C(O)C(O)C5O)CCC4(C)C3CCC12C)C(C)C,NPJICTMALKLTFW-UHFFFAOYSA-N,C35H60O6,576.8590000000002,5.849000000000006,4,6,99.38000000000001,9,2,Fail,"Hypoglycemic, antidiabetic","Pancreatic β-cells, gluconeogenic enzymes",10.4172/2155-6156.1000546,2015,Steroidal Saponin Glycoside,Steroid,Journal of Diabetes & Metabolism,Exerts extra-pancreatic glycemic control and stimulates insulin secretion.,Verified,0.9428571428571428,5,0,41,160.8501999999998,0.2571732771347309,Pass,3,Fail
AFRO-0068,Senegin-II,Polygala senega L.,Seneca snakeroot,Polygalaceae,Rhizomes,Nigeria,11953920,COc1ccc(C=CC(=O)OC2C(C)OC(OC(=O)C34CCC(C)(C)CC3C3=CCC5C6(C)CC(O)C(OC7OC(CO)C(O)C(O)C7O)C(C)(C(=O)O)C6CCC5(C)C3(CO)CC4)C(OC3OC(C)C(OC4OCC(OC5OC(CO)C(O)C(O)C5O)C(O)C4O)C(O)C3O)C2O)cc1OC,MNXFXXWQAAMVMW-UHFFFAOYSA-N,C70H104O32,1457.570000000001,-2.227399999999992,16,31,494.8800000000002,19,3,Fail,"Antidiabetic, insulin sensitizer",Liver glucose output pathways,10.4172/2155-6156.1000546,2015,Triterpenoid Saponin Glycoside,Saponin,Journal of Diabetes & Metabolism,Decreases hepatic glucose output without altering plasma insulin concentration.,Verified,0.8142857142857143,11,1,102,343.8248000000003,0.03016830218769657,Fail,4,Fail
AFRO-0069,Epicatechin,Pterocarpus marsupium,Indian Kino,Fabaceae,Bark,Nigeria,72276,Oc1cc(O)c2c(c1)OC(c1ccc(O)c(O)c1)C(O)C2,PFTAWBLQPZVEMU-UHFFFAOYSA-N,C15H14O6,290.271,1.5461,5,6,110.38,1,0,Pass,"Antidiabetic, β-cell regenerator",Functional pancreatic β-cells,10.4172/2155-6156.1000546,2015,Flavan-3-ol / Tannin,Flavonoid,Journal of Diabetes & Metabolism,Prevents β-cell damage and regenerates functional pancreatic islets.,Verified,0.2,3,2,21,72.62300000000002,0.5095927314649248,Pass,0,Pass
AFRO-0070,Pterostilbene,Pterocarpus marsupium,Indian Kino,Fabaceae,Bark,Nigeria,5281727,COc1cc(C=Cc2ccc(O)cc2)cc(OC)c1,VLEUZFDZJKSGMX-UHFFFAOYSA-N,C16H16O3,256.301,3.579800000000002,1,3,38.69,4,0,Pass,"Antidiabetic, antioxidant",Pancreatic β-cells,10.4172/2155-6156.1000546,2015,Stilbenoid / Flavonoid,Flavonoid,Journal of Diabetes & Metabolism,Enhances insulin secretion.,Verified,0.125,2,2,19,76.58080000000004,0.8496677559492319,Pass,1,Fail
AFRO-0071,Mycaminose,Syzygium cumini,Java Plum,Myrtaceae,Seeds; leaves; fruit pulp,Nigeria,160504,CC(O)C(O)C(C(O)C=O)N(C)C,IJUPCLYLISRDRA-UHFFFAOYSA-N,C8H17NO4,191.227,-1.781899999999999,3,5,80.99999999999999,5,0,Pass,"Hypoglycemic, peripheral glucose utilization activator",Peripheral glucose utilization kinases,10.4172/2155-6156.1000546,2015,Amino Sugar Glycoside,Carbohydrate,Journal of Diabetes & Metabolism,Stimulates kinases involved in peripheral glucose utilization.,Verified,0.875,0,0,13,47.23340000000002,0.4475069885509918,Pass,2,Fail
AFRO-0072,Trigonelline,Trigonella foenum-graecum L.,Fenugreek,Fabaceae,Seeds,Nigeria,5570,C[n+]1cccc(C(=O)[O-])c1,WWNNZCOKKKDOPX-UHFFFAOYSA-N,C7H7NO2,137.138,-1.1254,0,2,44.01,1,0,Pass,"Antidiabetic, insulin secretagogue","Pancreatic β-cells, intestinal disaccharidases",10.4172/2155-6156.1000546,2015,Pyridine Alkaloid,Alkaloid,Journal of Diabetes & Metabolism,Delays carbohydrate digestion/absorption and increases glucose-induced insulin secretion.,Verified,0.1428571428571428,1,1,10,31.94849999999999,0.4598108691495764,Pass,4,Fail
AFRO-0073,4-Hydroxyisoleucine,Trigonella foenum-graecum L.,Fenugreek,Fabaceae,Seeds,Nigeria,2773624,CC(O)C(C)C(N)C(=O)O,OSCCDBFHNMXNME-UHFFFAOYSA-N,C6H13NO3,147.174,-0.5848,3,3,83.55,3,0,Pass,Insulin secretagogue,Pancreatic β-cells,10.4172/2155-6156.1000546,2015,Non-protein Amino Acid,Amino Acid Derivative,Journal of Diabetes & Metabolism,Stimulates glucose-dependent insulin secretion.,Verified,0.8333333333333334,0,0,10,36.45599999999998,0.4981480092477363,Pass,4,Fail
AFRO-0074,2-Hydroxygenistein,Cajanus cajan,Pigeon pea,Fabaceae,Leaf; root; seed,Nigeria; Ghana; Kenya,5280863,O=c1c(O)c(-c2ccc(O)cc2)oc2cc(O)cc(O)c12,IYRMWMYZSQPJKC-UHFFFAOYSA-N,C15H10O6,286.239,2.2824,4,6,111.13,1,0,Pass,Regulation of glucose metabolism,AKR1B1 (-9.1 kcal/mol),10.3390/molecules24102002,2019,Isoflavone,Flavonoid,Molecules (MDPI),Predicted active compound with favorable ADMET properties. PDF,Verified,0.0,3,3,21,74.5792,0.5458513994143424,Pass,0,Pass
AFRO-0075,Apigenin,Cajanus cajan,Pigeon pea,Fabaceae,Leaf; root; seed,Nigeria; Ghana; Kenya,5280443,O=c1cc(-c2ccc(O)cc2)oc2cc(O)cc(O)c12,KZNIFHPLKGYRTM-UHFFFAOYSA-N,C15H10O5,270.24,2.576800000000001,3,5,90.9,1,0,Pass,"Regulation of insulin secretion, glucose metabolism, and lipid metabolism","AKR1B1 (-9.1), HSD11B1 (-9.0), RBP4 (-9.9), RXRA (-9.1 kcal/mol)",10.3390/molecules24102002,2019,Flavonoid,Flavonoid,Molecules (MDPI),Multi-target anti-diabetic compound with favorable ADMET properties. PDF,Verified,0.0,3,3,20,72.91440000000001,0.6318329361180623,Pass,0,Pass
AFRO-0076,Cyanidin,Rhoicissus tridentata,Bushman's grape,Vitaceae,Root; tuber; fruit,South Africa; Zimbabwe; Mozambique,128861,Oc1cc(O)c2cc(O)c(-c3ccc(O)c(O)c3)[o+]c2c1,VEVZSMAEJFVWIL-UHFFFAOYSA-O,C15H11O6+,287.247,2.908900000000001,5,5,112.45,1,0,Pass,Regulation of insulin secretion and glucose metabolism,"AKR1B1 (-9.1), HSD11B1 (-9.5), RBP4 (-9.2 kcal/mol)",10.3390/molecules24102002,2019,Anthocyanidin,Flavonoid,Molecules (MDPI),Multi-target compound with favorable ADMET profile. PDF,Verified,0.0,3,3,21,74.381,0.3472874946451991,Pass,0,Pass
AFRO-0077,Eburnamonine,Vinca minor,Lesser periwinkle,Apocynaceae,Leaf; aerial parts,"South Africa, Algeria, Morocco",92112,CCC12CCCN3CCc4c(n(c5ccccc45)C(=O)C1)C32,WYJAPUKIYAZSEM-UHFFFAOYSA-N,C19H22N2O,294.3980000000001,3.774600000000003,0,2,25.24,1,0,Pass,"Regulation of insulin secretion, glucose metabolism, and lipid metabolism","AKR1B1 (-9.4), HSD11B1 (-9.2), PPARD (-9.3), RBP4 (-9.4 kcal/mol)",10.3390/molecules24102002,2019,Indole Alkaloid,Alkaloid,Molecules (MDPI),Multi-target compound with experimental anti-diabetic evidence. PDF,Verified,0.5263157894736842,5,2,22,87.15750000000004,0.7995841048628335,Pass,0,Pass
AFRO-0078,Ergine,Ipomoea purpurea,Common morning glory,Convolvulaceae,Seed; leaf,South Africa; Kenya; Ethiopia; Nigeria,442072,CN1CC(C(N)=O)C=C2c3cccc4[nH]cc(c34)CC21,GENAHGKEFJLNJB-UHFFFAOYSA-N,C16H17N3O,267.332,1.5229,2,2,62.12,1,0,Pass,Regulation of insulin secretion,"HSD11B1 (-9.5), RBP4 (-9.4 kcal/mol)",10.3390/molecules24102002,2019,Ergot Alkaloid,Alkaloid,Molecules (MDPI),Dual-target compound with favorable ADMET properties. PDF,Verified,0.3125,4,2,20,79.08210000000003,0.8226614186715399,Pass,0,Pass
AFRO-0079,Eriodictyol,Cyclopia intermedia,Honeybush,Fabaceae,Leaf; stem,South Africa,440735,O=C1CC(c2ccc(O)c(O)c2)Oc2cc(O)cc(O)c21,SBHXYTNGIZCORC-UHFFFAOYSA-N,C15H12O6,288.2550000000001,2.215500000000001,4,6,107.22,1,0,Pass,Regulation of insulin secretion,"HSD11B1 (-9.2), RBP4 (-9.5 kcal/mol)",10.3390/molecules24102002,2019,Flavanone,Flavonoid,Molecules (MDPI),Predicted active compound with favorable ADMET properties. PDF,Verified,0.1333333333333333,3,2,21,71.85970000000002,0.5992714485146342,Pass,0,Pass
AFRO-0080,Erythraline,"Erythrina caffra, Erythrina lysistemon","Coast coral tree, Common coral tree",Fabaceae,Seed; bark; leaf,South Africa; Eswatini; Mozambique,5317205,COC1C=CC2=CCN3CCc4cc5c(cc4C23C1)OCO5,TVOFUERNMZTYRM-UHFFFAOYSA-N,C18H19NO3,297.354,2.3836,0,4,30.93,1,0,Pass,Regulation of insulin secretion and glucose metabolism,"AKR1B1 (-9.0), GCK (-9.8), RBP4 (-9.0 kcal/mol)",10.3390/molecules24102002,2019,Erythrina Alkaloid,Alkaloid,Molecules (MDPI),Novel potential multi-targeted anti-diabetic lead candidate. PDF,Verified,0.4444444444444444,5,1,22,82.15700000000005,0.7961998699361413,Pass,0,Pass
AFRO-0081,"Furanoeudesma-1,3-diene",Commiphora myrrha,Myrrh tree,Burseraceae,"Resin, bark",Somalia; Ethiopia; Kenya,13874240,CC1=CC=CC2(C)Cc3occ(C)c3CC12,AUSAHAHDEVYCOC-UHFFFAOYSA-N,C15H18O,214.308,3.825220000000003,0,1,13.14,0,0,Pass,Regulation of insulin secretion,RBP4 (-9.0 kcal/mol),10.3390/molecules24102002,2019,Sesquiterpenoid,Terpenoid,Molecules (MDPI),Predicted active compound with favorable ADMET properties. PDF,Verified,0.4666666666666667,3,1,16,65.34700000000004,0.6394852980156941,Pass,1,Fail
AFRO-0082,Hautriwaic acid,Dodonaea angustifolia,Sand olive,Sapindaceae,Leaf; stem bark,South Africa; Kenya; Ethiopia; Tanzania,12310372,CC1CCC2(CO)C(C(=O)O)=CCCC2C1(C)CCc1ccoc1,PHKSUFCCGLWIMC-UHFFFAOYSA-N,C20H28O4,332.4400000000001,4.048100000000003,2,3,70.67,5,0,Pass,Regulation of glucose metabolism,AKR1B1 (-9.3 kcal/mol),10.3390/molecules24102002,2019,Diterpenoid,Terpenoid,Molecules (MDPI),Predicted active compound with favorable ADMET properties. PDF,Verified,0.65,3,1,24,91.49560000000005,0.8532134087934049,Pass,0,Pass
AFRO-0083,Ibozol,Tetradenia riparia,"Misty plume bush, Ginger bush",Lamiaceae,"Leaf, shoot",South Africa; Mozambique;  Zimbabwe; Rwanda,5458584,CC(C)C1(O)CCC2=C(C1)C(O)CC1C(C)(C)CCCC21C,NEEOTTWPJHYJMS-UHFFFAOYSA-N,C20H34O2,306.4900000000001,4.451200000000004,2,2,40.46,1,0,Pass,Regulation of glucose metabolism,GCK (-9.7 kcal/mol),10.3390/molecules24102002,2019,Diterpenoid,Terpenoid,Molecules (MDPI),Glucokinase-targeted hit with favorable ADMET properties. PDF,Verified,0.9,3,0,22,90.51760000000006,0.7025953967013518,Pass,0,Pass
AFRO-0084,Integerrimine,Lotononis laxa,Yellow lotononis,Fabaceae,"Aerial parts, leaf",South Africa; Namibia; Botswana,5281733,CC=C1CC(C)C(C)(O)C(=O)OCC2=CCN3CCC(OC1=O)C23,HKODIGSRFALUTA-UHFFFAOYSA-N,C18H25NO5,335.4,1.1928,1,6,76.07,0,0,Pass,Regulation of insulin secretion and lipid metabolism,"HSD11B1 (-9.1), PPARD (-9.3 kcal/mol)",10.3390/molecules24102002,2019,Pyrrolizidine Alkaloid,Alkaloid,Molecules (MDPI),Dual-target compound with favorable ADMET properties. PDF,Verified,0.6666666666666666,3,0,24,87.06180000000003,0.4071201682251943,Pass,0,Pass
AFRO-0085,Lapachol,Kigelia africana,Sausage tree,Bignoniaceae,"Bark, fruit, root",Nigeria; Ghana; Kenya; South Africa; Tanzania,3884,CC(C)=CCC1=C(O)c2ccccc2C(=O)C1=O,CWPGNVFCJOPXFB-UHFFFAOYSA-N,C15H14O3,242.274,3.077400000000001,1,3,54.37,2,0,Pass,Regulation of glucose metabolism,AKR1B1 (-9.2 kcal/mol),10.3390/molecules24102002,2019,Naphthoquinone,Quinone,Molecules (MDPI),Compound with experimental anti-diabetic evidence. PDF,Verified,0.2,2,1,18,69.37630000000003,0.6401329437967432,Pass,1,Fail
AFRO-0086,N-methylflindersine,Toddalia asiatica,Orange climber,Rutaceae,"Root bark, leaf",Kenya; Tanzania; Uganda; South Africa; Nigeria,72819,Cn1c(=O)c2c(c3ccccc31)OC(C)(C)C=C2,RJZFGBNKPOVCHQ-UHFFFAOYSA-N,C15H15NO2,241.29,2.722700000000001,0,2,31.23,0,0,Pass,Regulation of insulin secretion and glucose metabolism,"AKR1B1 (-9.2), RBP4 (-9.5 kcal/mol)",10.3390/molecules24102002,2019,Quinoline Alkaloid,Alkaloid,Molecules (MDPI),Dual-target compound with favorable ADMET properties. PDF,Verified,0.2666666666666667,3,2,18,72.93000000000004,0.7097968535007733,Pass,1,Fail
AFRO-0087,Platyphylline,Senecio serratuloides,Two-color ragwort,Asteraceae,"Leaf, root, flower",South Africa; Eswatini,5281742,CC=C1CC(C)C(C)(O)C(=O)OCC2CCN3CCC(OC1=O)C23,BTHCJHQOYFUIMG-UHFFFAOYSA-N,C18H27NO5,337.4160000000001,1.2727,1,6,76.07,0,0,Pass,Regulation of insulin secretion and lipid metabolism,"HSD11B1 (-9.4), PPARD (-9.3 kcal/mol)",10.3390/molecules24102002,2019,Pyrrolizidine Alkaloid,Alkaloid,Molecules (MDPI),Dual-target compound with favorable ADMET properties. PDF,Verified,0.7777777777777778,3,0,24,87.08580000000005,0.529916303909823,Pass,0,Pass
AFRO-0088,Rhinocerotinoic acid,Elytropappus rhinocerotis,Renosterbos,Asteraceae,"Leaf, twig",South Africa,75411923,CC(=CC(=O)O)CCC1=C(C)C(=O)CC2C(C)(C)CCCC12C,MSLXIYYWGHOJNU-UHFFFAOYSA-N,C20H30O3,318.4570000000001,4.919400000000005,1,2,54.37,4,0,Pass,Regulation of insulin secretion,"HSD11B1 (-9.2), RBP4 (-9.9 kcal/mol)",10.3390/molecules24102002,2019,Diterpenoid,Terpenoid,Molecules (MDPI),Dual-target compound with favorable ADMET properties. PDF,Verified,0.7,2,0,23,92.17980000000006,0.748525177142213,Pass,0,Pass
AFRO-0089,Valerenic acid,Valeriana capensis,Cape valerian,Valerianaceae,Root; rhizome,"South Africa, Lesotho, Malawi",6440940,CC(=CC1CCC(C)C2CCC(C)=C12)C(=O)O,FEBNTWHYQKGEIQ-UHFFFAOYSA-N,C15H22O2,234.339,3.789900000000002,1,1,37.3,2,0,Pass,Regulation of glucose metabolism,AKR1B1 (-9.0 kcal/mol),10.3390/molecules24102002,2019,Sesquiterpenoid,Terpenoid,Molecules (MDPI),Predicted active compound with favorable ADMET properties. PDF,Verified,0.6666666666666666,2,0,17,68.70480000000005,0.5827391005024772,Pass,1,Fail
AFRO-0090,Voaphylline,Voacanga africana,Voacanga tree,Apocynaceae,"Bark, root, leaf",Ghana; Nigeria; Ivory Coast; Cameroon,10469868,CCC12CCc3[nH]c4ccccc4c3CCN(CC3OC31)C2,OGDFTQDRHAGLTB-UHFFFAOYSA-N,C19H24N2O,296.414,3.136000000000002,1,2,31.56,1,0,Pass,"Regulation of insulin secretion, glucose metabolism, and lipid metabolism","AMY2A (-9.0), DPP4 (-9.6), GCK (-9.1), HSD11B1 (-9.3), PPARD (-9.1), PPARG (-9.8), RBP4 (-9.2 kcal/mol)",10.3390/molecules24102002,2019,Indole Alkaloid,Alkaloid,Molecules (MDPI),Novel multi-targeted lead active across 7 diabetes targets. PDF,Verified,0.5789473684210527,5,2,22,88.14870000000005,0.8198527471921156,Pass,0,Pass
AFRO-0091,Withasomnine,Voacanga africana,Voacanga tree,Apocynaceae,Root; bark; leaf,Ghana; Nigeria; Ivory Coast; Cameroon,442877,c1ccc(-c2cnn3c2CCC3)cc1,FOJCJLSJZFQCID-UHFFFAOYSA-N,C12H12N2,184.242,2.496300000000001,0,1,17.82,1,0,Pass,Regulation of insulin secretion,FFAR1 (-9.1 kcal/mol),10.3390/molecules24102002,2019,Pyrazole Alkaloid,Alkaloid,Molecules (MDPI),Potential FFAR1 agonist with favorable ADMET properties. PDF,Verified,0.25,3,2,14,55.98400000000003,0.6654513836768017,Pass,1,Fail
AFRO-0092,Aspalathin,Aspalathus linearis,Rooibos,Fabaceae,Leaf,South Africa,11282394,O=C(CCc1ccc(O)c(O)c1)c1c(O)cc(O)c(C2OC(CO)C(O)C(O)C2O)c1O,VCPUQYKWJRESOC-UHFFFAOYSA-N,C21H24O11,452.4120000000001,-0.4550000000000002,9,11,208.37,6,2,Fail,Reported antidiabetic activity,Multiple diabetes targets,10.3390/molecules24102002,2019,Flavonoid,Flavonoid,Literature + DIA-DB study,Identified as bioactive antidiabetic constituent,Verified,0.3809523809523809,3,2,32,106.5797,0.2023191668240041,Fail,1,Fail
AFRO-0093,Isoorientin,Aspalathus linearis,Rooibos,Fabaceae,Leaf,South Africa,114776,O=c1cc(-c2ccc(O)c(O)c2)oc2cc(O)c(C3OC(CO)C(O)C(O)C3O)c(O)c12,ODBRNZZJSYPIDI-UHFFFAOYSA-N,C21H20O11,448.3800000000001,-0.2027000000000003,8,11,201.28,3,2,Fail,Reported antidiabetic activity,Multiple diabetes targets,10.3390/molecules24102002,2019,Flavonoid,Flavonoid,Literature + DIA-DB study,Reported in Rooibos antidiabetic studies,Verified,0.2857142857142857,4,3,32,107.2994,0.2465547063119637,Fail,0,Pass
AFRO-0094,Orientin,Aspalathus linearis,Rooibos,Fabaceae,Leaf,South Africa,5281675,O=c1cc(-c2ccc(O)c(O)c2)oc2c(C3OC(CO)C(O)C(O)C3O)c(O)cc(O)c12,PLAPMLGJVGLZOV-UHFFFAOYSA-N,C21H20O11,448.3800000000001,-0.2027000000000003,8,11,201.28,3,2,Fail,Reported antidiabetic activity,Multiple diabetes targets,10.3390/molecules24102002,2019,Flavonoid,Flavonoid,Literature + DIA-DB study,Identified as active constituent,Verified,0.2857142857142857,4,3,32,107.2994,0.2465547063119637,Fail,0,Pass
AFRO-0095,Cryptolepine,Cryptolepis sanguinolenta,Ghana quinine,Apocynaceae,Root,Ghana,82143,Cn1c2c3ccccc3nc-2cc2ccccc21,KURWKDDWCJELSV-UHFFFAOYSA-N,C16H12N2,232.286,3.831300000000002,0,1,17.82,0,0,Pass,Reported antidiabetic activity,Multiple diabetes targets,10.3390/molecules24102002,2019,Indoloquinoline Alkaloid,Alkaloid,Literature + DIA-DB study,Identified as active constituent,Verified,0.0625,4,2,18,74.84200000000004,0.4502621477161849,Pass,1,Fail
AFRO-0096,Chlorogenic Acid,Vernonia amygdalina,Bitter Leaf,Asteraceae,Leaf,Nigeria,1794427,O=C(C=Cc1ccc(O)c(O)c1)OC1CC(O)(C(=O)O)CC(O)C1O,CWVRJTMFETXNAD-UHFFFAOYSA-N,C16H18O9,354.311,-0.6459000000000001,6,8,164.75,4,1,Pass,Reported antidiabetic activity,Multiple diabetes targets,10.3390/molecules24102002,2019,Phenolic Acid,Phenolic Compound,Literature + DIA-DB study,Active constituent of V. amygdalina,Verified,0.375,2,1,25,82.51880000000001,0.2340852797608433,Fail,1,Fail
AFRO-0097,Vanillin,Momordica balsamina Linn,Momordica balsamina Linn,Cucurbitaceae,Leaf,South Africa,1183,COc1cc(C=O)ccc1O,MWOOGOJBHIARFG-UHFFFAOYSA-N,C8H8O3,152.149,1.2133,1,3,46.53,2,0,Pass,Antidiabetic / Enzyme inhibition,α-Glucosidase,10.3390/cimb48050503,2026,Phenolic aldehyde,Phenolic Compound,GC-MS,Identified in DCM leaf extract,Verified,0.125,1,1,11,40.04630000000002,0.6477438574453785,Pass,2,Fail
AFRO-0098,"2,4-di-tert-butylphenol",Momordica balsamina Linn,Momordica balsamina Linn,Cucurbitaceae,Leaf,South Africa,7311,CC(C)(C)c1ccc(O)c(C(C)(C)C)c1,ICKWICRCANNIBI-UHFFFAOYSA-N,C14H22O,206.329,3.987200000000003,1,1,20.23,0,0,Pass,Antidiabetic / Enzyme inhibition / Anti-inflammatory,α-Amylase,10.3390/cimb48050503,2026,Phenol derivative,Phenolic Compound,GC-MS,Identified in DCM leaf extract,Verified,0.5714285714285714,1,1,15,65.50680000000006,0.6802500634680617,Pass,1,Fail
AFRO-0099,Tetratriacontane,Momordica balsamina Linn,Momordica balsamina Linn,Cucurbitaceae,Leaf,South Africa,26519,CCCCCCCCCCCCCCCCCCCCCCCCCCCCCCCCCC,GWVDBZWVFGFBCN-UHFFFAOYSA-N,C34H70,478.9340000000005,13.50939999999997,0,0,0.0,31,1,Pass,Antidiabetic / Enzyme inhibition,"α-Amylase, α-Glucosidase",10.3390/cimb48050503,2026,Saturated alkane / Hydrocarbon,Lipid,GC-MS,Identified in Hexane leaf extract,Verified,1.0,0,0,34,159.0919999999997,0.08685376577555898,Fail,2,Fail
AFRO-0100,Propylene glycol,Momordica balsamina Linn,Momordica balsamina Linn,Cucurbitaceae,Leaf,South Africa,1030,CC(O)CO,DNIAPMSPPWPWGF-UHFFFAOYSA-N,C3H8O2,76.095,-0.6405000000000001,2,2,40.46,1,0,Pass,Antidiabetic / Enzyme inhibition,α-Glucosidase,10.3390/cimb48050503,2026,Diol / Alcohol,Lipid,GC-MS,Identified in Ethyl acetate leaf extract,Verified,1.0,0,0,5,18.7666,0.4358349966110498,Pass,4,Fail
AFRO-0101,Oleic acid,Momordica balsamina Linn,Momordica balsamina Linn,Cucurbitaceae,Leaf,South Africa,445639,CCCCCCCCC=CCCCCCCCC(=O)O,ZQPPMHVWECSIRJ-UHFFFAOYSA-N,C18H34O2,282.4679999999999,6.108500000000006,1,1,37.3,15,1,Pass,Antidiabetic / Glucose uptake enhancement,IRS1 / PI3K signaling pathway,10.3390/cimb48050503,2026,Monounsaturated fatty acid,Lipid,GC-MS,Identified in Ethyl acetate leaf extract,Verified,0.8333333333333334,0,0,20,87.08780000000007,0.2905169417988814,Fail,1,Fail
AFRO-0102,Phytol,Momordica balsamina Linn,Momordica balsamina Linn,Cucurbitaceae,Leaf,South Africa,5280435,CC(=CCO)CCCC(C)CCCC(C)CCCC(C)C,BOTWFXYSPFMFNR-UHFFFAOYSA-N,C20H40O,296.539,6.364100000000007,1,1,20.23,13,1,Pass,Antidiabetic / Insulin sensitivity,PPAR-γ,10.3390/cimb48050503,2026,Diterpene alcohol,Terpenoid,GC-MS,Identified in Ethyl acetate leaf extract,Verified,0.9,0,0,21,95.56180000000009,0.3917560713370458,Fail,1,Fail
AFRO-0103,Octadecanoic acid,Momordica balsamina Linn,Momordica balsamina Linn,Cucurbitaceae,Leaf,South Africa,5281,CCCCCCCCCCCCCCCCCC(=O)O,QIQXTHQIDYTFRH-UHFFFAOYSA-N,C18H36O2,284.4839999999999,6.332500000000007,1,1,37.3,16,1,Pass,Antidiabetic / Insulin signaling enhancement,PTP1B,10.3390/cimb48050503,2026,Saturated fatty acid,Lipid,GC-MS,Identified in Ethyl acetate leaf extract,Verified,0.9444444444444444,0,0,20,87.18180000000008,0.3360419785922725,Fail,1,Fail
AFRO-0104,n-Hexadecenoic acid,Momordica balsamina Linn,Momordica balsamina Linn,Cucurbitaceae,Leaf,South Africa,985,CCCCCCCCCCCCCCCC(=O)O,IPCSVZSSVZVIGE-UHFFFAOYSA-N,C16H32O2,256.4299999999999,5.552300000000005,1,1,37.3,14,1,Pass,Antidiabetic / Enzyme inhibition,"α-Amylase, α-Glucosidase",10.3390/cimb48050503,2026,Saturated fatty acid,Lipid,GC-MS,Identified in DCM and Ethyl acetate leaf extracts,Verified,0.9375,0,0,18,77.94780000000007,0.4134897831112085,Fail,1,Fail
AFRO-0105,Methyl gallate,Acacia nilotica,Babul / Gum arabic tree,Mimosoideae,Stem bark,Kenya,7428,COC(=O)c1cc(O)c(O)c(O)c1,FBSFWRHWHYMIOG-UHFFFAOYSA-N,C8H8O5,184.147,0.5899999999999996,3,5,86.99000000000001,1,0,Pass,Antidiabetic,Metabolic targets,10.3390/molecules28207202,2023,Phenolic acid,Phenolic Compound,Isolation (Extraction),Isolated from stem bark.,Verified,0.125,1,1,13,42.77590000000002,0.4388711477830505,Pass,1,Fail
AFRO-0106,Gallocatechin 5-O-gallate,Acacia nilotica,Babul / Gum arabic tree,Mimosoideae,Stem bark,Kenya,76385903,O=C(Oc1cc(O)cc2c1CC(O)C(c1cc(O)c(O)c(O)c1)O2)c1cc(O)c(O)c(O)c1,PRVLZZLYGXHYCQ-UHFFFAOYSA-N,C22H18O11,458.3750000000002,1.8821,8,11,197.37,3,2,Fail,Antidiabetic,Cellular metabolic pathways,10.3390/molecules28207202,2023,Flavanol gallate,Flavonoid,Isolation (Extraction),Isolated from stem bark.,Verified,0.1363636363636364,4,3,33,109.0179,0.1619637802564463,Fail,0,Pass
AFRO-0107,Catechin 5-O-gallate,Acacia nilotica,Babul / Gum arabic tree,Mimosoideae,Stem bark,Kenya,15689618,O=C(Oc1cc(O)cc2c1CC(O)C(c1ccc(O)c(O)c1)O2)c1cc(O)c(O)c(O)c1,LVJJFMLUMNSUFN-UHFFFAOYSA-N,C22H18O10,442.3760000000001,2.1765,7,10,177.14,3,1,Pass,Antidiabetic,Cellular metabolic pathways,10.3390/molecules28207202,2023,Flavanol gallate,Flavonoid,Isolation (Extraction),Isolated from stem bark.,Verified,0.1363636363636364,4,3,32,107.3531,0.1806435242688321,Fail,0,Pass
AFRO-0108,Gallic acid,Acacia nilotica,Babul / Gum arabic tree,Mimosoideae,Stem bark,Kenya,370,O=C(O)c1cc(O)c(O)c(O)c1,LNTHITQWFMADLM-UHFFFAOYSA-N,C7H6O5,170.12,0.5015999999999998,4,4,97.99000000000001,1,0,Pass,Antidiabetic,Metabolic pathways,10.3390/molecules28207202,2023,Phenolic acid,Phenolic Compound,Isolation (Extraction),Isolated from stem bark.,Verified,0.0,1,1,12,38.39570000000001,0.4598882295004826,Pass,2,Fail
AFRO-0109,Digallic acid,Acacia nilotica,Babul / Gum arabic tree,Mimosoideae,Stem bark,Kenya,341,O=C(O)c1cc(O)c(O)c(OC(=O)c2cc(O)c(O)c(O)c2)c1,COVFEVWNJUOYRL-UHFFFAOYSA-N,C14H10O9,322.225,1.131999999999999,6,8,164.75,3,1,Pass,Antidiabetic,Metabolic pathways,10.3390/molecules28207202,2023,Phenolic acid derivative,Phenolic Compound,Isolation (Extraction),Isolated from stem bark.,Verified,0.0,2,2,23,73.1258,0.2757811567339853,Fail,0,Pass
AFRO-0110,Ellagic acid,Acacia nilotica,Babul / Gum arabic tree,Mimosoideae,Stem bark,Kenya,5281855,O=c1oc2c(O)c(O)cc3c(=O)oc4c(O)c(O)cc1c4c23,AFSDNFLWKVMVRB-UHFFFAOYSA-N,C14H6O8,302.194,1.3128,4,8,141.34,0,0,Pass,Antidiabetic,Metabolic targets,10.3390/molecules28207202,2023,Polyphenol,Phenolic Compound,Isolation (Extraction),Isolated from stem bark.,Verified,0.0,4,4,22,73.87719999999999,0.216284535941976,Fail,0,Pass
AFRO-0111,"(-)-epigallocatechin-5,7-digallate",Acacia nilotica,Babul / Gum arabic tree,Mimosoideae,Stem bark,Kenya,74977180,O=C(Oc1cc(OC(=O)c2cc(O)c(O)c(O)c2)c2c(c1)OC(c1cc(O)c(O)c(O)c1)C(O)C2)c1cc(O)c(O)c(O)c1,YEPUYRJJVLBSCO-UHFFFAOYSA-N,C29H22O15,610.4800000000004,2.5125,10,15,264.1299999999999,5,3,Fail,Antidiabetic,Metabolic targets,10.3390/molecules28207202,2023,Catechin gallate,Flavonoid,Isolation (Extraction),Isolated from stem bark.,Verified,0.103448275862069,5,4,44,143.748,0.08836205835090281,Fail,2,Fail
AFRO-0112,Catechin-7-O-gallate,Acacia nilotica,Babul / Gum arabic tree,Mimosoideae,Stem bark,Kenya,471393,O=C(Oc1cc(O)c2c(c1)OC(c1ccc(O)c(O)c1)C(O)C2)c1cc(O)c(O)c(O)c1,WKIHBIBUCQPPBY-UHFFFAOYSA-N,C22H18O10,442.3760000000001,2.1765,7,10,177.14,3,1,Pass,Antidiabetic,Metabolic targets,10.3390/molecules28207202,2023,Flavanol gallate,Flavonoid,Isolation (Extraction),Isolated from stem bark.,Verified,0.1363636363636364,4,3,32,107.3531,0.1806435242688321,Fail,0,Pass
AFRO-0113,Naringenin,Acacia nilotica,Babul / Gum arabic tree,Mimosoideae,Stem bark,Kenya,439246,O=C1CC(c2ccc(O)cc2)Oc2cc(O)cc(O)c21,FTVWIRXFELQLPI-UHFFFAOYSA-N,C15H12O5,272.256,2.509900000000001,3,5,86.99000000000001,1,0,Pass,Antidiabetic,Metabolic targets,10.3390/molecules28207202,2023,Flavanone,Flavonoid,Isolation (Extraction),Isolated from stem bark.,Verified,0.1333333333333333,3,2,20,70.19490000000002,0.7421139126791214,Pass,0,Pass
AFRO-0114,Chalconaringenin-4'-O-β-glucopyranoside,Acacia nilotica,Babul / Gum arabic tree,Mimosoideae,Stem bark,Kenya,11743626,O=C(C=Cc1ccc(O)cc1)c1c(O)cc(OC2OC(CO)C(O)C(O)C2O)cc1O,ZYUSTWOCCKABCY-UHFFFAOYSA-N,C21H22O10,434.3970000000001,-0.1218000000000001,7,10,177.14,6,1,Pass,Antidiabetic,Metabolic targets,10.3390/molecules28207202,2023,Chalcone glycoside,Flavonoid,Isolation (Extraction),Isolated from stem bark.,Verified,0.2857142857142857,3,2,31,105.6381,0.2394648200243623,Fail,0,Pass
AFRO-0115,Lupenone,Acacia nilotica,Babul / Gum arabic tree,Mimosoideae,Stem bark,Kenya,92158,C=C(C)C1CCC2(C)CCC3(C)C(CCC4C5(C)CCC(=O)C(C)(C)C5CCC43C)C12,GRBHNQFQFHLCHO-UHFFFAOYSA-N,C30H48O,424.7130000000003,8.233000000000008,0,1,17.07,1,1,Pass,Anti-inflammatory,COX-1 / COX-2,10.3390/molecules28207202,2023,Triterpenoid,Terpenoid,Isolation (Extraction),Triterpene compound.,Verified,0.9,5,0,31,129.6500000000001,0.3873157630861667,Pass,1,Fail
AFRO-0116,Rutin,Acalypha wilkesiana,Copperleaf,Euphorbiaceae,Leaves; stems; root bark,Kenya,5280805,CC1OC(OCC2OC(Oc3c(-c4ccc(O)c(O)c4)oc4cc(O)cc(O)c4c3=O)C(O)C(O)C2O)C(O)C(O)C1O,IKGXIBQEEMLURG-UHFFFAOYSA-N,C27H30O16,610.5210000000004,-1.6871,10,16,269.4299999999999,6,3,Fail,Potentiates IRK / Glucose uptake,IRK / GLUT4,10.3390/molecules28207202,2023,Flavonoid glycoside,Flavonoid,Isolation (Extraction),Bioactive flavonoid.,Verified,0.4444444444444444,5,3,43,140.196,0.1395178432216246,Fail,3,Fail
AFRO-0117,Corilagin,Acalypha wilkesiana,Copperleaf,Euphorbiaceae,Leaves; stems; root bark,Kenya,73568,O=C(OC1OC2COC(=O)c3cc(O)c(O)c(O)c3-c3c(cc(O)c(O)c3O)C(=O)OC(C2O)C1O)c1cc(O)c(O)c(O)c1,TUSDEZXZIZRFGC-UHFFFAOYSA-N,C27H22O18,634.4550000000004,-0.2965000000000007,11,18,310.66,2,3,Fail,Antidiabetic,Metabolic targets,10.3390/molecules28207202,2023,Ellagitannin,Phenolic Compound,Isolation (Extraction),Bioactive tannin.,Verified,0.2222222222222222,5,3,45,138.8793,0.09789164014597279,Fail,2,Fail
AFRO-0118,Geraniin,Acalypha wilkesiana,Copperleaf,Euphorbiaceae,Leaves; stems; root bark,Kenya,3001497,O=C1OC2C3COC(=O)c4cc(O)c(O)c(O)c4-c4c(cc(O)c(O)c4O)C(=O)OC2C(OC(=O)c2cc(O)c(O)c4c2C2C1=CC(=O)C(O)(O4)C2(O)O)C(OC(=O)c1cc(O)c(O)c(O)c1)O3,JQQBXPCJFAKSPG-UHFFFAOYSA-N,C41H28O27,952.6480000000006,-1.101500000000001,14,27,450.2500000000001,2,3,Fail,Antidiabetic,Metabolic targets,10.3390/molecules28207202,2023,Ellagitannin,Phenolic Compound,Isolation (Extraction),Bioactive tannin.,Verified,0.2195121951219512,9,4,68,204.2982,0.04905629161844852,Fail,3,Fail
AFRO-0119,Kaempferol 3-O-rutinoside,Acalypha wilkesiana,Copperleaf,Euphorbiaceae,Leaves; stems; root bark,Kenya,5318767,CC1OC(OCC2OC(Oc3c(-c4ccc(O)cc4)oc4cc(O)cc(O)c4c3=O)C(O)C(O)C2O)C(O)C(O)C1O,RTATXGUCZHCSNG-UHFFFAOYSA-N,C27H30O15,594.5220000000004,-1.3927,9,15,249.2,6,3,Fail,Antidiabetic,Metabolic targets,10.3390/molecules28207202,2023,Flavonoid glycoside,Flavonoid,Isolation (Extraction),Bioactive flavonoid.,Verified,0.4444444444444444,5,3,42,138.5312,0.1592907073840895,Fail,3,Fail
AFRO-0120,Alliuocide G,Allium cepa,Onion,Amaryllidaceae,Whole plant,Kenya,163184125,O=C1c2c(O)cc(O)cc2OC2(c3ccc(O)c(O)c3)Oc3ccc(O)cc3OC12O,YBYGGWSLHBZIFH-UHFFFAOYSA-N,C21H14O10,426.3330000000001,1.802699999999999,6,10,166.14,1,1,Pass,Inhibition of α-amylase (96.5%),α-Amylase,10.3390/molecules28207202,2023,Flavonoid,Flavonoid,Isolation (Extraction),Exhibited highest α-amylase inhibition.,Verified,0.09523809523809523,5,3,31,100.4923,0.3159151665772259,Fail,0,Pass
AFRO-0121,"2-(3,4-Dihydroxybenzoyl)-2,4,6-trihydroxy-3(2H)-benzofuranone",Allium cepa,Onion,Amaryllidaceae,Whole plant,Kenya,54378453,O=C(c1ccc(O)c(O)c1)C1(O)Oc2cc(O)cc(O)c2C1=O,UYFQPTAFLCOYSM-UHFFFAOYSA-N,C15H10O8,318.2370000000001,0.6556,5,8,144.52,2,0,Pass,Inhibition of α-amylase,α-Amylase,10.3390/molecules28207202,2023,Benzofuranone,Quinone,Isolation (Extraction),Active isolated constituent.,Verified,0.06666666666666667,3,2,23,73.782,0.3082947010104619,Fail,0,Pass
AFRO-0122,Luteolin-7-O-D-glucopyranoside,Allium cepa,Onion,Amaryllidaceae,Whole plant,Kenya,5280637,O=c1cc(-c2ccc(O)c(O)c2)oc2cc(OC3OC(CO)C(O)C(O)C3O)cc(O)c12,PEFNSGRTCBGNAN-UHFFFAOYSA-N,C21H20O11,448.3800000000001,-0.2445000000000002,7,11,190.28,4,2,Fail,Inhibition of α-amylase,α-Amylase,10.3390/molecules28207202,2023,Flavonoid glycoside,Flavonoid,Isolation (Extraction),Active isolated constituent.,Verified,0.2857142857142857,4,3,32,107.3096,0.2606452175948753,Fail,0,Pass
AFRO-0123,"Quercetin 3,4'-diglucoside",Allium cepa,Onion,Amaryllidaceae,Whole plant,Kenya,5320835,O=c1c(OC2OC(CO)C(O)C(O)C2O)c(-c2ccc(OC3OC(CO)C(O)C(O)C3O)c(O)c2)oc2cc(O)cc(O)c12,RPVIQWDFJPYNJM-UHFFFAOYSA-N,C27H30O17,626.5200000000002,-3.065799999999999,11,17,289.66,7,3,Fail,Antidiabetic / Antioxidant,Glucose metabolism targets,10.3390/molecules28207202,2023,Flavonoid glycoside,Flavonoid,Isolation (Extraction),Major onion flavonol.,Verified,0.4444444444444444,5,3,44,141.7048,0.1240060114086665,Fail,3,Fail
AFRO-0124,"Isorhamnetin 3,4'-diglucoside",Allium cepa,Onion,Amaryllidaceae,Whole plant,Kenya,11802256,COc1cc(-c2oc3cc(O)cc(O)c3c(=O)c2OC2OC(CO)C(O)C(O)C2O)ccc1OC1OC(CO)C(O)C(O)C1O,VKVBSQRURLRCHO-UHFFFAOYSA-N,C28H32O17,640.5470000000004,-2.762799999999999,10,17,278.66,8,3,Fail,Antidiabetic,Metabolic targets,10.3390/molecules28207202,2023,Flavonoid glycoside,Flavonoid,Isolation (Extraction),Flavonol derivative.,Verified,0.4642857142857143,5,3,45,146.5919999999999,0.1193092558067772,Fail,3,Fail
AFRO-0125,Quercetin 7-glucoside,Allium cepa,Onion,Amaryllidaceae,Whole plant,Kenya,5282160,O=c1c(O)c(-c2ccc(O)c(O)c2)oc2cc(OC3OC(CO)C(O)C(O)C3O)cc(O)c12,BBFYUPYFXSSMNV-UHFFFAOYSA-N,C21H20O12,464.3790000000001,-0.5389000000000004,8,12,210.51,4,2,Fail,Antidiabetic,Metabolic targets,10.3390/molecules28207202,2023,Flavonoid glycoside,Flavonoid,Isolation (Extraction),Flavonol derivative.,Verified,0.2857142857142857,4,3,33,108.9744,0.2288751447852227,Fail,1,Fail
AFRO-0126,Cyanidin 4'-O-beta-glucoside,Allium cepa,Onion,Amaryllidaceae,Whole plant,Kenya,5316221,OCC1OC(Oc2ccc(-c3[o+]c4cc(O)cc(O)c4cc3O)cc2O)C(O)C(O)C1O,CSNMEDJMOXSNRZ-UHFFFAOYSA-O,C21H21O11+,449.3880000000001,0.3820000000000002,8,10,191.6,4,1,Pass,Antidiabetic,Free radicals,10.3390/molecules28207202,2023,Anthocyanin,Flavonoid,Isolation (Extraction),Pigment constituent.,Verified,0.2857142857142857,4,3,32,107.1114,0.2568697277089533,Fail,0,Pass
AFRO-0127,Isoalliin,Allium cepa,Onion,Amaryllidaceae,Whole plant,Kenya,118989467,CC=CS(=O)CC(N)C(=O)O,OKYHUOHBRKWCQJ-UHFFFAOYSA-N,C6H11NO3S,177.225,-0.3194,2,3,80.39,4,0,Pass,Antidiabetic,Metabolic targets,10.3390/molecules28207202,2023,Organosulfur,Organosulfur Compound,Isolation (Extraction),Sulfur-containing compound.,Verified,0.5,0,0,11,43.43460000000001,0.6164155973945545,Pass,1,Fail
AFRO-0128,N-(gamma-glutamyl)-S-methyl-L-cysteine,Allium cepa,Onion,Amaryllidaceae,Whole plant,Kenya,13894650,CSCC(NC(=O)CCC(N)C(=O)O)C(=O)O,UPCDLBPYWXOCOK-UHFFFAOYSA-N,C9H16N2O5S,264.3029999999999,-0.8890999999999984,4,5,129.72,8,0,Pass,Antidiabetic,Metabolic targets,10.3390/molecules28207202,2023,Dipeptide / Amino acid derivative,Amino Acid Derivative,Isolation (Extraction),Sulfur precursor.,Verified,0.6666666666666666,0,0,17,62.79370000000002,0.4471829471662284,Pass,2,Fail
AFRO-0129,Laccaic acid D,Aloe secundiflora,Aloe,Asphodelaceae,Roots,Kenya,9883304,Cc1c(C(=O)O)c(O)cc2c1C(=O)c1c(O)cc(O)cc1C2=O,DDTNCHWMNZLWKO-UHFFFAOYSA-N,C16H10O7,314.249,1.585419999999999,4,6,132.13,1,0,Pass,Antidiabetic / Antioxidant,Metabolic targets,10.3390/molecules28207202,2023,Anthraquinone,Quinone,Isolation (Extraction),Anthraquinone pigment.,Verified,0.0625,3,2,23,76.43970000000002,0.5358031214194674,Pass,0,Pass
AFRO-0130,"3-Methoxy-2-methylnaphthalene-1,4-dione",Aloe secundiflora,Aloe,Asphodelaceae,Roots,Kenya,79441,COC1=C(C)C(=O)c2ccccc2C1=O,CNZJAOOYWYLTEC-UHFFFAOYSA-N,C12H10O3,202.209,1.986,0,3,43.37,1,0,Pass,Antidiabetic,Metabolic targets,10.3390/molecules28207202,2023,Naphthoquinone,Quinone,Isolation (Extraction),Root isolate.,Verified,0.1666666666666667,2,1,15,54.81200000000003,0.6989735876333985,Pass,1,Fail
AFRO-0131,Chrysophanol,Aloe secundiflora,Aloe,Asphodelaceae,Roots,Kenya,10208,Cc1cc(O)c2c(c1)C(=O)c1cccc(O)c1C2=O,LQGUBLBATBMXHT-UHFFFAOYSA-N,C15H10O4,254.241,2.18162,2,4,74.6,0,0,Pass,Antidiabetic,Metabolic targets,10.3390/molecules28207202,2023,Anthraquinone,Quinone,Isolation (Extraction),Active anthraquinone.,Verified,0.06666666666666667,3,2,19,67.81560000000002,0.6444480285471402,Pass,1,Fail
AFRO-0132,Helminthosporin,Aloe secundiflora,Aloe,Asphodelaceae,Roots,Kenya,97560,Cc1cc(O)c2c(c1)C(=O)c1c(O)ccc(O)c1C2=O,YOOXNSPYGCZLAX-UHFFFAOYSA-N,C15H10O5,270.24,1.88722,3,5,94.83000000000001,0,0,Pass,Antidiabetic,Metabolic targets,10.3390/molecules28207202,2023,Anthraquinone,Quinone,Isolation (Extraction),Root isolate.,Verified,0.06666666666666667,3,2,20,69.4804,0.5420948164480446,Pass,0,Pass
AFRO-0133,Aloesaponarin I,Aloe secundiflora,Aloe,Asphodelaceae,Roots,Kenya,11098986,COC(=O)c1c(O)cc2c(c1C)C(=O)c1c(O)cccc1C2=O,OWMIPWWYWUGBCG-UHFFFAOYSA-N,C17H12O6,312.277,1.96822,2,6,100.9,1,0,Pass,Antidiabetic,Metabolic targets,10.3390/molecules28207202,2023,Anthraquinone,Quinone,Isolation (Extraction),Root isolate.,Verified,0.1176470588235294,3,2,23,79.15510000000002,0.6662090577019648,Pass,0,Pass
AFRO-0134,Aloesaponarin II,Aloe secundiflora,Aloe,Asphodelaceae,Roots,Kenya,3085033,Cc1cc(O)cc2c1C(=O)c1c(O)cccc1C2=O,BXWJOXJOMFDQNV-UHFFFAOYSA-N,C15H10O4,254.241,2.18162,2,4,74.6,0,0,Pass,Antidiabetic,Metabolic targets,10.3390/molecules28207202,2023,Anthraquinone,Quinone,Isolation (Extraction),Root isolate.,Verified,0.06666666666666667,3,2,19,67.81560000000002,0.6444480285471403,Pass,1,Fail
AFRO-0135,Asphodelin,Aloe secundiflora,Aloe,Asphodelaceae,Roots,Kenya,182665,Cc1cc(O)c2c(c1)C(=O)c1ccc(-c3c(C)cc(O)c4c3C(=O)c3cccc(O)c3C4=O)c(O)c1C2=O,BXWGUDGILDGCGB-UHFFFAOYSA-N,C30H18O8,506.4660000000003,4.343640000000004,4,8,149.2,1,1,Pass,Antidiabetic,Metabolic targets,10.3390/molecules28207202,2023,Bianthraquinoid,Quinone,Isolation (Extraction),Dimeric anthraquinone.,Verified,0.06666666666666667,6,4,38,134.6252,0.2572568150037942,Fail,2,Fail
AFRO-0136,Hydroxyacetophenone,Carissa edulis,Natal plum,Apocynaceae,"Roots, fruits, leaves",Kenya,7469,CC(=O)c1ccc(O)cc1,TXFPEBPIARQUIG-UHFFFAOYSA-N,C8H8O2,136.15,1.5948,1,2,37.3,1,0,Pass,Antidiabetic,Metabolic targets,10.3390/molecules28207202,2023,Phenone,Miscellaneous,Isolation (Extraction),Isolated from C. edulis.,Verified,0.125,1,1,10,38.11130000000001,0.5951083320007401,Pass,3,Fail
AFRO-0137,Catalponol,Carissa edulis,Natal plum,Apocynaceae,"Roots, fruits, leaves",Kenya,169570,CC(C)=CCC1CC(O)c2ccccc2C1=O,BTQXIESSQVRLCV-UHFFFAOYSA-N,C15H18O2,230.307,3.278900000000002,1,2,37.3,2,0,Pass,Antidiabetic,Metabolic targets,10.3390/molecules28207202,2023,Iridoid,Terpenoid,Isolation (Extraction),Root isolate.,Verified,0.4,2,1,17,67.88730000000004,0.7915548460481886,Pass,1,Fail
AFRO-0138,Carissone,Carissa edulis,Natal plum,Apocynaceae,"Roots, fruits, leaves",Kenya,11770473,CC1=C2CC(C(C)(C)O)CCC2(C)CCC1=O,ZWSWPQHKDLDIDL-UHFFFAOYSA-N,C15H24O2,236.3549999999999,3.243100000000002,1,2,37.3,1,0,Pass,Antidiabetic,Metabolic targets,10.3390/molecules28207202,2023,Eudesmane sesquiterpene,Terpenoid,Isolation (Extraction),Bioactive sesquiterpene.,Verified,0.8,2,0,17,68.68680000000005,0.7585504883223518,Pass,1,Fail
AFRO-0139,Coniferaldehyde,Carissa edulis,Natal plum,Apocynaceae,"Roots, fruits, leaves",Kenya,5280536,COc1cc(C=CC=O)ccc1O,DKZBBWMURDFHNE-UHFFFAOYSA-N,C10H10O3,178.187,1.6129,1,3,46.53,3,0,Pass,Antidiabetic,Metabolic targets,10.3390/molecules28207202,2023,Phenylpropanoid,Phenylpropanoid,Isolation (Extraction),Phenolic isolate.,Verified,0.1,1,1,13,49.75680000000002,0.56465027245664,Pass,1,Fail
AFRO-0140,(-)-Nortrachelogenin,Carissa edulis,Natal plum,Apocynaceae,"Roots, fruits, leaves",Kenya,394846,COc1cc(CC2COC(=O)C2(O)Cc2ccc(O)c(OC)c2)ccc1O,ZITBJWXLODLDRH-UHFFFAOYSA-N,C20H22O7,374.3890000000001,1.804299999999999,3,7,105.45,6,0,Pass,Antidiabetic,Metabolic targets,10.3390/molecules28207202,2023,Lignan,Phenylpropanoid,Isolation (Extraction),Lignan isolate.,Verified,0.35,3,2,27,96.12440000000004,0.6622943571912767,Pass,0,Pass
AFRO-0141,Scopoletin,Carissa edulis,Natal plum,Apocynaceae,"Roots, fruits, leaves",Kenya,5280460,COc1cc2ccc(=O)oc2cc1O,RODXRVNMMDRFIK-UHFFFAOYSA-N,C10H8O4,192.17,1.5072,1,4,59.67,1,0,Pass,Antidiabetic,Metabolic targets,10.3390/molecules28207202,2023,Coumarin,Phenylpropanoid,Isolation (Extraction),Bioactive coumarin.,Verified,0.1,2,2,14,50.70080000000002,0.6954481635264226,Pass,1,Fail
AFRO-0142,Isofraxidin,Carissa edulis,Natal plum,Apocynaceae,"Roots, fruits, leaves",Kenya,5318565,COc1cc2ccc(=O)oc2c(OC)c1O,HOEVRHHMDJKUMZ-UHFFFAOYSA-N,C11H10O5,222.196,1.5158,1,5,68.9,2,0,Pass,Antidiabetic,Metabolic targets,10.3390/molecules28207202,2023,Coumarin,Phenylpropanoid,Isolation (Extraction),Bioactive coumarin.,Verified,0.1818181818181818,2,2,16,57.25280000000002,0.7798629135906918,Pass,1,Fail
AFRO-0143,(+)-Lariciresinol,Carissa edulis,Natal plum,Apocynaceae,"Roots, fruits, leaves",Kenya,332427,COc1cc(CC2COC(c3ccc(O)c(OC)c3)C2CO)ccc1O,MHXCIKYXNYCMHY-UHFFFAOYSA-N,C20H24O6,360.4060000000001,2.653700000000001,3,6,88.38000000000001,6,0,Pass,Antidiabetic,Metabolic targets,10.3390/molecules28207202,2023,Lignan,Phenylpropanoid,Isolation (Extraction),Lignan isolate.,Verified,0.4,3,2,26,95.78040000000004,0.733983920486042,Pass,0,Pass
AFRO-0144,Carissanol,Carissa edulis,Natal plum,Apocynaceae,"Roots, fruits, leaves",Kenya,340931,COc1cc(CC2COC(O)C2(O)Cc2ccc(O)c(OC)c2)ccc1O,LHQJDCXEZZAFKD-UHFFFAOYSA-N,C20H24O7,376.4050000000001,1.5961,4,7,108.61,6,0,Pass,Antidiabetic,Metabolic targets,10.3390/molecules28207202,2023,Lignan,Phenylpropanoid,Isolation (Extraction),Lignan isolate.,Verified,0.4,3,2,27,97.12420000000003,0.6062805543678483,Pass,0,Pass
AFRO-0145,Carinol,Carissa edulis,Natal plum,Apocynaceae,"Roots, fruits, leaves",Kenya,586373,COc1cc(CC(CO)C(O)(CO)Cc2ccc(O)c(OC)c2)ccc1O,INPPVVSEQRZCLJ-UHFFFAOYSA-N,C20H26O7,378.4210000000001,1.2321,5,7,119.61,9,0,Pass,Antidiabetic,Metabolic targets,10.3390/molecules28207202,2023,Lignan,Phenylpropanoid,Isolation (Extraction),Lignan isolate.,Verified,0.4,2,2,27,99.33700000000003,0.445153360813675,Pass,0,Pass
AFRO-0146,Lupeol,Carissa edulis,Natal plum,Apocynaceae,"Roots, fruits, leaves",Kenya,259846,C=C(C)C1CCC2(C)CCC3(C)C(CCC4C5(C)CCC(O)C(C)(C)C5CCC43C)C12,MQYXUWHLBZFQQO-UHFFFAOYSA-N,C30H50O,426.7290000000003,8.02480000000001,1,1,20.23,1,1,Pass,Antidiabetic / Cytotoxic,Metabolic pathways,10.3390/molecules28207202,2023,Pentacyclic triterpenoid,Terpenoid,Isolation (Extraction),Bioactive triterpene.,Verified,0.9333333333333333,5,0,31,130.6498000000001,0.4207223429654396,Pass,2,Fail
AFRO-0147,Oleuropein,Carissa edulis,Natal plum,Apocynaceae,"Roots, fruits, leaves",Kenya,5281544,CC=C1C(OC2OC(CO)C(O)C(O)C2O)OC=C(C(=O)OC)C1CC(=O)OCCc1ccc(O)c(O)c1,RFWGABANNQMHMZ-UHFFFAOYSA-N,C25H32O13,540.5180000000005,-0.6342000000000009,6,13,201.67,9,3,Fail,Antidiabetic,Metabolic targets,10.3390/molecules28207202,2023,Secoiridoid glucoside,Terpenoid,Isolation (Extraction),Bioactive glycoside.,Verified,0.52,3,1,38,126.1228,0.1313664267006285,Fail,2,Fail
AFRO-0148,Rhamnetin-3-O-β-D-glucopyranoside,Carissa edulis,Natal plum,Apocynaceae,"Roots, fruits, leaves",Kenya,14704553,COc1cc(O)c2c(=O)c(OC3OC(CO)C(O)C(O)C3O)c(-c3ccc(O)c(O)c3)oc2c1,PHEWILLIAJUBQE-UHFFFAOYSA-N,C22H22O12,478.4060000000002,-0.2358999999999999,7,12,199.51,5,2,Fail,Antidiabetic,Metabolic targets,10.3390/molecules28207202,2023,Flavonoid glycoside,Flavonoid,Isolation (Extraction),Flavonol glycoside.,Verified,0.3181818181818182,4,3,34,113.8616,0.237899854742278,Fail,0,Pass
AFRO-0149,Isorhamnetin-3-O-β-D-glucopyranoside,Carissa edulis,Natal plum,Apocynaceae,"Roots, fruits, leaves",Kenya,13245586,COc1cc(-c2oc3cc(O)cc(O)c3c(=O)c2OC2OC(CO)C(O)C(O)C2O)ccc1O,CQLRUIIRRZYHHS-UHFFFAOYSA-N,C22H22O12,478.4060000000001,-0.2358999999999998,7,12,199.51,5,2,Fail,Antidiabetic,Metabolic targets,10.3390/molecules28207202,2023,Flavonoid glycoside,Flavonoid,Isolation (Extraction),Flavonol glycoside.,Verified,0.3181818181818182,4,3,34,113.8616,0.2543131326886132,Fail,0,Pass
AFRO-0150,(+)-Butyl-O-α-L-rhamnoside,Carissa edulis,Natal plum,Apocynaceae,"Roots, fruits, leaves",Kenya,13059942,CCCCOC1OC(C)C(O)C(O)C1O,SMKNLYABELUZSL-UHFFFAOYSA-N,C10H20O5,220.265,-0.3694000000000002,3,5,79.15,4,0,Pass,Antidiabetic,Metabolic targets,10.3390/molecules28207202,2023,Glycoside,Glycoside,Isolation (Extraction),Glycosidic derivative.,Verified,1.0,1,0,15,53.21540000000005,0.5633503980821789,Pass,1,Fail
AFRO-0151,Peonidin-3-rutinoside,Carissa edulis,Natal plum,Apocynaceae,"Roots, fruits, leaves",Kenya,90470731,COc1cc(-c2[o+]c3cc(O)cc(O)c3cc2OC2OC(COC3OC(C)C(O)C(O)C3O)C(O)C(O)C2O)ccc1O,ONQVTPMFYSRRLL-UHFFFAOYSA-O,C28H33ClO15,609.5570000000004,-0.4632000000000006,9,14,239.52,7,3,Fail,Antidiabetic,Metabolic targets,10.3390/molecules28207202,2023,Anthocyanin,Flavonoid,Isolation (Extraction),Fruit anthocyanin.,Verified,0.4642857142857143,5,3,43,143.2202,0.1539930168067867,Fail,3,Fail
AFRO-0152,Guaiacylglycerol,Carissa edulis,Natal plum,Apocynaceae,"Roots, fruits, leaves",Kenya,14579,COc1cc(C(O)C(O)CO)ccc1O,LSKFUSLVUZISST-UHFFFAOYSA-N,C10H14O5,214.217,-0.2126,4,5,90.15,4,0,Pass,Antidiabetic,Metabolic targets,10.3390/molecules28207202,2023,Phenylpropanoid,Phenylpropanoid,Isolation (Extraction),Root bark isolate.,Verified,0.4,1,1,15,52.71120000000003,0.5564070535227745,Pass,1,Fail
AFRO-0153,1-(1-Hydroxyethyl)-2-(6-(1-hydroxyethyl)phenoxy)benzene,Carissa edulis,Natal plum,Apocynaceae,"Roots, fruits, leaves",Kenya,18508382,CC(O)c1ccccc1Oc1ccccc1C(C)O,MHLAWJQCXFMYLA-UHFFFAOYSA-N,C16H18O3,258.317,3.585500000000003,2,3,49.69,4,0,Pass,Antidiabetic,Metabolic targets,10.3390/molecules28207202,2023,Diphenyl ether,Miscellaneous,Isolation (Extraction),Root bark isolate.,Verified,0.25,2,2,19,74.22560000000004,0.8807753897449372,Pass,1,Fail
AFRO-0154,"3,4-Dimethoxyphenyl-2-O-β-D-apiofuranosyl-(1→2)-β-D-glucopyranoside",Carissa edulis,Natal plum,Apocynaceae,"Roots, fruits, leaves",Kenya,163040208,COc1ccc(OC2OC(CO)C(O)C(O)C2OC2OCC(O)(CO)C2O)cc1OC,RUTRSEVLUYAPSN-UHFFFAOYSA-N,C19H28O12,448.4210000000003,-2.652599999999998,6,12,176.76,8,2,Fail,Antidiabetic,Metabolic targets,10.3390/molecules28207202,2023,Phenolic glycoside,Phenolic Compound,Isolation (Extraction),Root bark isolate.,Verified,0.6842105263157895,3,1,31,100.5898,0.2437969326599407,Fail,1,Fail
AFRO-0155,Dovyalicin E,Dovyalis abyssinica,African apricot,Salicaceae,"Leaves, twigs, roots",Kenya,16086546,O=C(NCCCCN1CCCNC(c2ccccc2)CC1=O)c1ccccc1,XMSVRBIVBUEBCF-UHFFFAOYSA-N,C23H29N3O2,379.5040000000002,3.149900000000001,2,3,61.44,7,0,Pass,Antidiabetic,Cellular targets,10.3390/molecules28207202,2023,Spermidine alkaloid,Alkaloid,Isolation (Extraction),Leaf and twig alkaloid.,Verified,0.391304347826087,3,2,28,111.0089,0.7267357841299876,Pass,0,Pass
AFRO-0156,N-(4-Benzoylaminobutyl)-N-(3-dimethylaminopropyl)-3-phenylpropenamide,Dovyalis abyssinica,African apricot,Salicaceae,"Leaves, twigs, roots",Kenya,16086548,CN(C)CCCN(CCCCNC(=O)c1ccccc1)C(=O)C=Cc1ccccc1,VMZGZQGCIBFDJR-UHFFFAOYSA-N,C25H33N3O2,407.5580000000001,3.690300000000001,1,3,52.65,12,0,Pass,Antidiabetic,Cellular targets,10.3390/molecules28207202,2023,Spermidine alkaloid,Alkaloid,Isolation (Extraction),Alkaloid isolate.,Verified,0.36,2,2,30,123.2362,0.4312462027244826,Fail,0,Pass
AFRO-0157,Methyl 1-hydroxy-6-oxocyclohex-2-enecarboxylate,Dovyalis abyssinica,African apricot,Salicaceae,"Leaves, twigs, roots",Kenya,23649674,COC(=O)C1(O)C=CCCC1=O,IJZJQOKHINBQCY-UHFFFAOYSA-N,C8H10O4,170.164,-0.1904000000000001,1,4,63.6,1,0,Pass,Antidiabetic,Metabolic targets,10.3390/molecules28207202,2023,Cyclohexene derivative,Terpenoid,Isolation (Extraction),Plant isolate.,Verified,0.5,1,0,12,40.34680000000002,0.3363251086199379,Pass,1,Fail
AFRO-0158,4-Hydroxy-2-(1-hydroxy-6-oxocyclohex-2-enecarbonyloxymethyl)phenyl 2-O-benzoyl-α-D-glucopyranoside,Dovyalis abyssinica,African apricot,Salicaceae,"Leaves, twigs, roots",Kenya,73238325,O=C(OC1C(Oc2ccc(O)cc2COC(=O)C2(O)C=CCCC2=O)OC(CO)C(O)C1O)c1ccccc1,MDHRUEIHSUOCAT-UHFFFAOYSA-N,C27H28O12,544.5090000000002,0.1289999999999993,5,12,189.28,8,2,Fail,Antidiabetic,Metabolic targets,10.3390/molecules28207202,2023,Phenolic glucoside,Phenolic Compound,Isolation (Extraction),Plant isolate.,Verified,0.3703703703703703,4,2,39,130.2675,0.1718410687739062,Fail,2,Fail
AFRO-0159,Benzoic acid,Dovyalis abyssinica,African apricot,Salicaceae,"Leaves, twigs, roots",Kenya,243,O=C(O)c1ccccc1,WPYMKLBDIGXBTP-UHFFFAOYSA-N,C7H6O2,122.123,1.3848,1,1,37.3,1,0,Pass,Antidiabetic,Metabolic targets,10.3390/molecules28207202,2023,Aromatic carboxylic acid,Phenolic Compound,Isolation (Extraction),Plant isolate.,Verified,0.0,1,1,9,33.4013,0.6106035394285076,Pass,3,Fail
AFRO-0160,Tremulacin,Dovyalis abyssinica,African apricot,Salicaceae,"Leaves, twigs, roots",Kenya,442544,O=C(OC1C(Oc2ccccc2COC(=O)C2(O)C=CCCC2=O)OC(CO)C(O)C1O)c1ccccc1,RCKCYCDBDYUIGM-UHFFFAOYSA-N,C27H28O11,528.5100000000002,0.4233999999999997,4,11,169.05,8,2,Fail,Antidiabetic,Metabolic targets,10.3390/molecules28207202,2023,Phenolic glucoside,Phenolic Compound,Isolation (Extraction),Bioactive glucoside.,Verified,0.3703703703703703,4,2,38,128.6027,0.2128328726883444,Fail,1,Fail
AFRO-0161,Betulinic acid,Dovyalis abyssinica,African apricot,Salicaceae,"Leaves, twigs, roots",Kenya,64971,C=C(C)C1CCC2(C(=O)O)CCC3(C)C(CCC4C5(C)CCC(O)C(C)(C)C5CCC43C)C12,QGJZLNKBHJESQX-UHFFFAOYSA-N,C30H48O3,456.7110000000003,7.089500000000009,2,2,57.53,2,1,Pass,Antidiabetic,Metabolic targets,10.3390/molecules28207202,2023,Lupane triterpenoid,Terpenoid,Isolation (Extraction),Active triterpene.,Verified,0.9,5,0,33,132.6116,0.4360977414316997,Pass,2,Fail
AFRO-0162,Dihydrooroxylin A,Dracaena steudneri,Dragon tree,Asparagaceae,"Leaves, fruits",Kenya,177032,COc1c(O)cc2c(c1O)C(=O)CC(c1ccccc1)O2,QUAPPCXFYKSDSV-UHFFFAOYSA-N,C16H14O5,286.283,2.812900000000001,2,5,75.99,2,0,Pass,Inhibition of proinflammatory cytokines,Proinflammatory cytokines,10.3390/molecules28207202,2023,Flavanone,Flavonoid,Isolation (Extraction),Leaf isolate.,Verified,0.1875,3,2,21,75.08210000000003,0.8874343900434254,Pass,0,Pass
AFRO-0163,7-Hydroxy-6-methoxyflavanone,Dracaena steudneri,Dragon tree,Asparagaceae,"Leaves, fruits",Kenya,86206540,COc1cc2c(cc1O)OC(c1ccccc1)CC2=O,WCXMGPNELNHROM-UHFFFAOYSA-N,C16H14O4,270.284,3.107300000000001,1,4,55.76,2,0,Pass,Inhibition of proinflammatory cytokines,Proinflammatory cytokines,10.3390/molecules28207202,2023,Flavanone,Flavonoid,Isolation (Extraction),Leaf isolate.,Verified,0.1875,3,2,20,73.41730000000003,0.9105940495449671,Pass,0,Pass
AFRO-0164,"4',5,7-Trihydroxy-6-methylflavanone",Dracaena steudneri,Dragon tree,Asparagaceae,"Leaves, fruits",Kenya,301798,Cc1c(O)cc2c(c1O)C(=O)CC(c1ccc(O)cc1)O2,SLFZBNOERHGNMI-UHFFFAOYSA-N,C16H14O5,286.283,2.818320000000001,3,5,86.99000000000001,1,0,Pass,Inhibition of proinflammatory cytokines,Proinflammatory cytokines,10.3390/molecules28207202,2023,Flavanone,Flavonoid,Isolation (Extraction),Leaf isolate.,Verified,0.1875,3,2,21,74.93190000000003,0.7500314210929858,Pass,0,Pass
AFRO-0165,Methylquercetin,Dracaena steudneri,Dragon tree,Asparagaceae,"Leaves, fruits",Kenya,5281679,Cc1c(O)cc2oc(-c3ccc(O)c(O)c3)c(O)c(=O)c2c1O,DTFXGVGIKNSCQQ-UHFFFAOYSA-N,C16H12O7,316.2650000000001,2.29642,5,7,131.36,1,0,Pass,Antidiabetic / Anti-inflammatory,Cytokines / Metabolic targets,10.3390/molecules28207202,2023,Flavonoid,Flavonoid,Isolation (Extraction),Leaf isolate.,Verified,0.0625,3,3,23,80.981,0.4351334187207366,Pass,0,Pass
AFRO-0166,"3,3'-Di-O-methylquercetin",Dracaena steudneri,Dragon tree,Asparagaceae,"Leaves, fruits",Kenya,5316900,COc1cc(-c2oc3cc(O)cc(O)c3c(=O)c2OC)ccc1O,FMEHGPQTMOPUGM-UHFFFAOYSA-N,C17H14O7,330.292,2.594000000000002,3,7,109.36,3,0,Pass,Antidiabetic / Cytotoxic,Cancer cell lines / Targets,10.3390/molecules28207202,2023,Flavonoid,Flavonoid,Isolation (Extraction),Bioactive seed isolate.,Verified,0.1176470588235294,3,3,24,86.01840000000001,0.6768622802504395,Pass,0,Pass
AFRO-0167,Kaempferol-3-methyl ether,Dracaena steudneri,Dragon tree,Asparagaceae,"Leaves, fruits",Kenya,5280862,COc1c(-c2ccc(O)cc2)oc2cc(O)cc(O)c2c1=O,VJJZJBUCDWKPLC-UHFFFAOYSA-N,C16H12O6,300.266,2.5854,3,6,100.13,2,0,Pass,Antidiabetic,Metabolic targets,10.3390/molecules28207202,2023,Flavonoid,Flavonoid,Isolation (Extraction),Leaf isolate.,Verified,0.0625,3,3,22,79.46640000000001,0.6723108130019759,Pass,0,Pass
AFRO-0168,Jaceidin,Dracaena steudneri,Dragon tree,Asparagaceae,"Leaves, fruits",Kenya,5464461,COc1cc(-c2oc3cc(O)c(OC)c(O)c3c(=O)c2OC)ccc1O,XUWTZJRCCPNNJR-UHFFFAOYSA-N,C18H16O8,360.3180000000001,2.602600000000001,3,8,118.59,4,0,Pass,Antidiabetic,Metabolic targets,10.3390/molecules28207202,2023,Flavone,Flavonoid,Isolation (Extraction),Leaf isolate.,Verified,0.1666666666666667,3,3,26,92.57040000000002,0.6495944582933125,Pass,0,Pass
AFRO-0169,7-Hydroxy-6-methoxyflavone,Dracaena steudneri,Dragon tree,Asparagaceae,"Leaves, fruits",Kenya,14376438,COc1cc2c(=O)cc(-c3ccccc3)oc2cc1O,BJBKXYIIWYIZCX-UHFFFAOYSA-N,C16H12O4,268.268,3.174200000000002,1,4,59.67,2,0,Pass,Antidiabetic,Metabolic targets,10.3390/molecules28207202,2023,Flavone,Flavonoid,Isolation (Extraction),Leaf isolate.,Verified,0.0625,3,3,20,76.13680000000002,0.7751029818957303,Pass,0,Pass
AFRO-0170,"6,8-Dimethylchrysin",Dracaena steudneri,Dragon tree,Asparagaceae,"Leaves, fruits",Kenya,10401497,Cc1c(O)c(C)c2oc(-c3ccccc3)cc(=O)c2c1O,IHCSYRDYLHMMRU-UHFFFAOYSA-N,C17H14O4,282.295,3.488040000000002,2,4,70.67,1,0,Pass,Antidiabetic,Metabolic targets,10.3390/molecules28207202,2023,Flavone,Flavonoid,Isolation (Extraction),Leaf isolate.,Verified,0.1176470588235294,3,3,21,80.72360000000002,0.7164207594802947,Pass,0,Pass
AFRO-0171,Strobochrysin,Dracaena steudneri,Dragon tree,Asparagaceae,"Leaves, fruits",Kenya,11536318,Cc1c(O)cc2oc(-c3ccccc3)cc(=O)c2c1O,XRJWLVUOUWIPHW-UHFFFAOYSA-N,C16H12O4,268.268,3.179620000000002,2,4,70.67,1,0,Pass,Antidiabetic,Metabolic targets,10.3390/molecules28207202,2023,Flavanone,Flavonoid,Isolation (Extraction),Leaf isolate.,Verified,0.0625,3,3,20,75.98660000000002,0.710721116511046,Pass,0,Pass
AFRO-0172,"3,5,7-Trihydroxy-6-methylflavanone",Dracaena steudneri,Dragon tree,Asparagaceae,"Leaves, fruits",Kenya,129686572,Cc1c(O)cc2c(c1O)C(=O)C(O)C(c1ccccc1)O2,VAJGHLOBFXQACD-UHFFFAOYSA-N,C16H14O5,286.283,2.083519999999999,3,5,86.99000000000001,1,0,Pass,Antidiabetic,Metabolic targets,10.3390/molecules28207202,2023,Flavanone,Flavonoid,Isolation (Extraction),Leaf isolate.,Verified,0.1875,3,2,21,74.65690000000002,0.7468581356735495,Pass,0,Pass
AFRO-0173,"3,5,7-Trihydroxy-6-methoxyflavanone",Dracaena steudneri,Dragon tree,Asparagaceae,"Leaves, fruits",Kenya,12305752,COc1c(O)cc2c(c1O)C(=O)C(O)C(c1ccccc1)O2,HFDPLPWGKGPTJB-UHFFFAOYSA-N,C16H14O6,302.282,1.783699999999999,3,6,96.22,2,0,Pass,Antidiabetic,Metabolic targets,10.3390/molecules28207202,2023,Flavanone,Flavonoid,Isolation (Extraction),Leaf isolate.,Verified,0.1875,3,2,22,76.47190000000002,0.7823346567694073,Pass,0,Pass
AFRO-0174,"3,7-Dihydroxy-6-methoxyflavanone",Dracaena steudneri,Dragon tree,Asparagaceae,"Leaves, fruits",Kenya,129650648,COc1cc2c(cc1O)OC(c1ccccc1)C(O)C2=O,GUMFPOIJOXLCLA-UHFFFAOYSA-N,C16H14O5,286.2830000000001,2.0781,2,5,75.99000000000001,2,0,Pass,Antidiabetic,Metabolic targets,10.3390/molecules28207202,2023,Flavanone,Flavonoid,Isolation (Extraction),Leaf isolate.,Verified,0.1875,3,2,21,74.80710000000002,0.8836231167357048,Pass,0,Pass
AFRO-0175,Kaempferol,Carica papaya L.,Papaya,Caricaceae,Leaf,Nigeria; Globally,5280863,O=c1c(O)c(-c2ccc(O)cc2)oc2cc(O)cc(O)c12,IYRMWMYZSQPJKC-UHFFFAOYSA-N,C15H10O6,286.239,2.282400000000001,4,6,111.13,1,0,Pass,"α-Amylase and α-Glucosidase inhibition, antidiabetic, antioxidant","Human Pancreatic α-Amylase, α-Glucosidase",10.1016/j.fbio.2023.102861,2023,Flavonoid (Flavonol),Flavonoid,Food Bioscience,Identified in C. papaya leaf extract via LC-MS; demonstrated high binding potential.,Verified,0.0,3,3,21,74.5792,0.5458513994143424,Pass,0,Pass
AFRO-0176,Apigenin,Carica papaya L.,Papaya,Caricaceae,Leaf,Nigeria; Globally,5280443,O=c1cc(-c2ccc(O)cc2)oc2cc(O)cc(O)c12,KZNIFHPLKGYRTM-UHFFFAOYSA-N,C15H10O5,270.24,2.576800000000002,3,5,90.9,1,0,Pass,"α-Amylase and α-Glucosidase inhibition, antidiabetic, antioxidant","Human Pancreatic α-Amylase, α-Glucosidase",10.1016/j.fbio.2023.102861,2023,Flavonoid (Flavone),Flavonoid,Food Bioscience,In silico docking showed strong binding energy (-9.3 to -7.7 kcal/mol).,Verified,0.0,3,3,20,72.9144,0.6318329361180623,Pass,0,Pass
AFRO-0177,Dehydrocarpaine I,Carica papaya L.,Papaya,Caricaceae,Leaf,Nigeria; Globally,101306351,CCCC=CC(=O)OC1CCCCCCOC(=O)CC2C(C)CCCC2OC2CCCC(C)C2C1,LMAUYGQIGIDCCR-UHFFFAOYSA-N,C28H48N2O4,490.7250000000003,7.168200000000009,0,5,61.83000000000001,4,1,Pass,"Antidiabetic, hypoglycemic",Pancreatic β-cells,10.31989/bchd.v6i6.1108,2023,Piperidine Alkaloid,Alkaloid,Bioactive Compounds in Health and Disease,Alkaloid derivative in papaya leaf associated with glucose-lowering activity.,Verified,0.8666666666666667,3,0,35,138.877,0.3087401631951643,Pass,3,Fail
AFRO-0178,Rutin (Quercetin-3-O-rutinoside),Carica papaya L.,Papaya,Caricaceae,Leaf,Nigeria; Globally,5280805,CC1OC(OCC2OC(Oc3c(-c4ccc(O)c(O)c4)oc4cc(O)cc(O)c4c3=O)C(O)C(O)C2O)C(O)C(O)C1O,IKGXIBQEEMLURG-UHFFFAOYSA-N,C27H30O16,610.5210000000006,-1.6871,10,16,269.4299999999999,6,3,Fail,"Pancreatic β-cell rejuvenation, antioxidant, antidiabetic","Pancreatic β-cells, Aldose Reductase",10.31989/bchd.v6i6.1108,2023,Flavonoid Glycoside,Flavonoid,Bioactive Compounds in Health and Disease,Abundant flavonoid glycoside in leaves; rejuvenates pancreatic beta cells.,Verified,0.4444444444444444,5,3,43,140.1960000000002,0.1395178432216246,Fail,3,Fail
AFRO-0179,Clitorin (Kaempferol 3-O-neohesperidoside),Carica papaya L.,Papaya,Caricaceae,Leaf,Nigeria; Globally,5483200,CC1OC(OC2OCC(O)C(O)C2Oc2c(-c3ccc(O)cc3)oc3cc(O)cc(O)c3c2=O)C(O)C(O)C1O,DRASKKGWMIMUSD-UHFFFAOYSA-N,C27H30O15,564.4960000000005,-0.7535999999999996,8,14,228.97,5,3,Fail,"Antidiabetic, antioxidant",α-Glucosidase,10.31989/bchd.v6i6.1108,2023,Flavonoid Glycoside,Flavonoid,Bioactive Compounds in Health and Disease,Flavonoid constituent identified in C. papaya leaf.,Verified,0.4230769230769231,5,3,40,132.5244000000001,0.1906440472467724,Fail,3,Fail
AFRO-0180,D-Mannitol,Carica papaya L.,Papaya,Caricaceae,Leaf,Nigeria; Globally,6251,OCC(O)C(O)C(O)C(O)CO,FBPFZTCFMRRESA-UHFFFAOYSA-N,C6H14O6,182.172,-3.585399999999998,6,6,121.38,5,1,Pass,"Aldose Reductase inhibitor, antidiabetic potential",Aldose Reductase,10.31989/bchd.v6i6.1108,2023,Sugar Alcohol (Polyol),Carbohydrate,Bioactive Compounds in Health and Disease,Identified in leaf extract; targets polyol pathway enzymes.,Verified,1.0,0,0,12,38.19879999999999,0.2612626527203185,Pass,3,Fail
AFRO-0181,Kaempferol 3-O-rutinoside,Carica papaya L.,Papaya,Caricaceae,Leaf,Nigeria; Globally,5318767,CC1OC(OCC2OC(Oc3c(-c4ccc(O)cc4)oc4cc(O)cc(O)c4c3=O)C(O)C(O)C2O)C(O)C(O)C1O,RTATXGUCZHCSNG-UHFFFAOYSA-N,C27H30O15,594.5220000000005,-1.3927,9,15,249.2,6,3,Fail,"Antidiabetic, antioxidant, α-glucosidase inhibitor","α-Glucosidase, Pancreatic β-cells",10.31989/bchd.v6i6.1108,2023,Flavonoid Glycoside,Flavonoid,Bioactive Compounds in Health and Disease,Kaempferol glycoside identified in C. papaya leaf extract.,Verified,0.4444444444444444,5,3,42,138.5312000000002,0.1592907073840895,Fail,3,Fail
AFRO-0182,Isoquercetin (Quercetin 3-O-glucoside),Carica papaya L.,Papaya,Caricaceae,Leaf,Nigeria; Globally,5280804,O=c1c(OC2OC(CO)C(O)C(O)C2O)c(-c2ccc(O)c(O)c2)oc2cc(O)cc(O)c12,OVSQVDMCBVZWGM-UHFFFAOYSA-N,C21H20O12,464.3790000000001,-0.5388999999999997,8,12,210.51,4,2,Fail,"Antidiabetic, aldose reductase inhibitor, antioxidant","Aldose Reductase, α-Glucosidase",10.31989/bchd.v6i6.1108,2023,Flavonoid Glycoside,Flavonoid,Bioactive Compounds in Health and Disease,Quercetin glucoside in leaves; displays potent radical scavenging and antidiabetic potential.,Verified,0.2857142857142857,4,3,33,108.9744,0.2288751447852227,Fail,1,Fail
AFRO-0183,Luteolin 7-O-galactoside,Carica papaya L.,Papaya,Caricaceae,Leaf,Nigeria; Globally,44258105,O=c1cc(-c2ccc(O)c(O)c2)oc2cc(OC3OC(CO)C(O)C(O)C3O)cc(O)c12,PEFNSGRTCBGNAN-UHFFFAOYSA-N,C21H20O11,448.3800000000001,-0.2444999999999991,7,11,190.28,4,2,Fail,"Antidiabetic, antioxidant, α-glucosidase inhibitor",α-Glucosidase,10.31989/bchd.v6i6.1108,2023,Flavonoid Glycoside,Flavonoid,Bioactive Compounds in Health and Disease,Flavone glycoside present in C. papaya leaves.,Verified,0.2857142857142857,4,3,32,107.3096,0.2606452175948755,Fail,0,Pass
AFRO-0184,Isorhamnetin 3-O-beta-D-glucopyranoside,Carica papaya L.,Papaya,Caricaceae,Leaf,Nigeria; Globally,5318645,COc1cc(-c2oc3cc(O)cc(O)c3c(=O)c2OC2OC(CO)C(O)C(O)C2O)ccc1O,CQLRUIIRRZYHHS-UHFFFAOYSA-N,C22H22O12,478.4060000000001,-0.2359000000000007,7,12,199.51,5,2,Fail,"Antidiabetic, antioxidant, insulin sensitizer","Glucose uptake, α-Glucosidase",10.31989/bchd.v6i6.1108,2023,Flavonoid Glycoside,Flavonoid,Bioactive Compounds in Health and Disease,Isorhamnetin derivative in C. papaya leaves.,Verified,0.3181818181818182,4,3,34,113.8616,0.2543131326886132,Fail,0,Pass
AFRO-0185,"5,7-Dimethoxycoumarin (Citropten)",Carica papaya L.,Papaya,Caricaceae,Leaf,Nigeria; Globally,10766,COc1cc(OC)c2oc(=O)ccc2c1,UQUJRRZSWGUHRN-UHFFFAOYSA-N,C11H10O4,206.197,1.8102,0,4,48.67,2,0,Pass,"Antidiabetic, aldose reductase inhibitor, antioxidant",Aldose Reductase,10.31989/bchd.v6i6.1108,2023,Coumarin,Phenylpropanoid,Bioactive Compounds in Health and Disease,Coumarin derivative isolated from C. papaya leaves.,Verified,0.1818181818181818,2,2,15,55.58800000000002,0.7029061202023811,Pass,1,Fail
AFRO-0186,Loliolide,Carica papaya L.,Papaya,Caricaceae,Leaf,Nigeria; Globally,101880,CC1(C)CC2=CC(=O)OC2(C)C(O)C1,GGJGATJJLBTVJC-UHFFFAOYSA-N,C11H16O3,196.246,1.4092,1,3,46.53,0,0,Pass,"Antidiabetic, antioxidant, glucose regulation","α-Glucosidase, Insulin pathway",10.31989/bchd.v6i6.1108,2023,Monoterpenoid Lactone,Terpenoid,Bioactive Compounds in Health and Disease,Bioactive monoterpenoid lactone identified in papaya leaves.,Verified,0.7272727272727273,2,0,14,51.60180000000003,0.5957351293152291,Pass,1,Fail
AFRO-0187,Linoleic Acid,Carica papaya L.,Papaya,Caricaceae,Seed / Juice,Nigeria; Globally,5280450,CCCCCC/C=C\C/C=C\CCCCCCCC(=O)O,BFXHARLBAGKNRH-NQLNTKRDSA-N,C18H32O2,294.4789999999999,6.274600000000007,1,1,37.3,15,1,Pass,"Antidiabetic seed constituent, lipid regulator","α-Amylase, α-Glucosidase",10.31989/bchd.v6i6.1108,2023,Polyunsaturated Fatty Acid,Lipid,Bioactive Compounds in Health and Disease,Essential polyunsaturated fatty acid in C. papaya seed oil.,Verified,0.7368421052631579,0,0,21,91.61080000000007,0.2851110815777891,Fail,1,Fail
AFRO-0188,Stearic Acid,Carica papaya L.,Papaya,Caricaceae,Seed / Juice,Nigeria; Globally,5281,CCCCCCCCCCCCCCCCCC(=O)O,QIQXTHQIDYTFRH-UHFFFAOYSA-N,C18H36O2,284.4839999999999,6.332500000000007,1,1,37.3,16,1,Pass,Antidiabetic seed constituent,"α-Amylase, α-Glucosidase",10.31989/bchd.v6i6.1108,2023,Saturated Fatty Acid,Lipid,Bioactive Compounds in Health and Disease,Saturated fatty acid identified in seed extract GC-MS.,Verified,0.9444444444444444,0,0,20,87.18180000000008,0.3360419785922725,Fail,1,Fail
AFRO-0189,alpha-Tocopherol (Vitamin E),Carica papaya L.,Papaya,Caricaceae,Seed / Leaf,Nigeria; Globally,14985,Cc1c(C)c2c(c(C)c1O)CCC(C)(CCCC(C)CCCC(C)CCCC(C)C)O2,GVJHHUAWPYXKBD-UHFFFAOYSA-N,C29H50O2,430.7170000000002,8.840260000000002,1,2,29.46,12,1,Pass,"Antioxidant, protective against diabetic lipid peroxidation","Free radicals, lipid peroxidation",10.31989/bchd.v6i6.1108,2023,Tocopherol,Lipid,Bioactive Compounds in Health and Disease,Lipid-soluble antioxidant in C. papaya seed oil.,Verified,0.7931034482758621,2,1,31,134.3908,0.3586439444789778,Fail,2,Fail
AFRO-0190,Cryptoxanthin (beta-Cryptoxanthin),Carica papaya L.,Papaya,Caricaceae,Fruit / Leaf / Seed,Nigeria; Globally,5281235,CC1=C(/C=C/C(C)=C/C=C/C(C)=C/C=C/C=C(C)/C=C/C=C(C)/C=C/C2=C(C)CC(O)CC2(C)C)C(C)(C)CCC1,DMASLKHVQRHNES-QQGJMDNJSA-N,C40H56O,552.8870000000003,11.57659999999998,1,1,20.23,10,2,Fail,"Antioxidant, protection against T2DM oxidative damage",Free radical scavenging,10.31989/bchd.v6i6.1108,2023,Xanthophyll Carotenoid,Lipid,Bioactive Compounds in Health and Disease,Pro-vitamin A xanthophyll in C. papaya fruit and leaves.,Verified,0.45,2,0,41,182.7817999999994,0.2671977258684227,Pass,3,Fail
AFRO-0192,Methyl gallate,Carica papaya L.,Papaya,Caricaceae,Leaf,Nigeria; Globally,7428,COC(=O)c1cc(O)c(O)c(O)c1,FBSFWRHWHYMIOG-UHFFFAOYSA-N,C8H8O5,184.147,0.5899999999999996,3,5,86.99000000000001,1,0,Pass,"Antioxidant, antidiabetic, radical scavenger","Free radicals, α-glucosidase",10.31989/bchd.v6i6.1108,2023,Phenolic Acid Ester,Phenolic Compound,Bioactive Compounds in Health and Disease,Phenolic ester identified in C. papaya leaves.,Verified,0.125,1,1,13,42.77590000000002,0.4388711477830505,Pass,1,Fail
AFRO-0193,Orientin 7-O-rhamnoside,Carica papaya L.,Papaya,Caricaceae,Leaf,Nigeria; Globally,131751336,CC1OC(Oc2cc(O)c3c(c2)C(O)C(O)C(c2ccc(O)c(O)c2)O3)C(O)C(O)C1O,JEAWSKMOERQWCU-UHFFFAOYSA-N,C27H30O15,452.4120000000001,-0.4623000000000004,8,11,189.53,3,2,Fail,"Antidiabetic, antioxidant",α-Glucosidase,10.31989/bchd.v6i6.1108,2023,Flavone C-Glycoside,Flavonoid,Bioactive Compounds in Health and Disease,C-glycosyl flavonoid derivative present in papaya leaves.,Verified,0.4285714285714285,4,2,32,105.1974000000001,0.28126151876089,Fail,1,Fail
AFRO-0194,Rutin (Quercetin 3-O-rutinoside),Carica papaya L.,Papaya,Caricaceae,Leaf,Nigeria; Globally,5280805,CC1OC(OCC2OC(Oc3c(-c4ccc(O)c(O)c4)oc4cc(O)cc(O)c4c3=O)C(O)C(O)C2O)C(O)C(O)C1O,IKGXIBQEEMLURG-UHFFFAOYSA-N,C27H30O16,610.5210000000006,-1.6871,10,16,269.4299999999999,6,3,Fail,"Antidiabetic, pancreatic β-cell rejuvenation, antioxidant","Pancreatic β-cells, α-Glucosidase",10.31989/bchd.v6i6.1108,2023,Flavonoid Glycoside,Flavonoid,Bioactive Compounds in Health and Disease,Major flavonol glycoside in leaves; stimulates insulin secretion and rejuvenates β-cells.,Verified,0.4444444444444444,5,3,43,140.1960000000002,0.1395178432216246,Fail,3,Fail
AFRO-0195,Myricetin 3-rhamnoside (Myricitrin),Carica papaya L.,Papaya,Caricaceae,Leaf,Nigeria; Globally,5281673,CC1OC(Oc2c(-c3cc(O)c(O)c(O)c3)oc3cc(O)cc(O)c3c2=O)C(O)C(O)C1O,DCYOADKBABEMIQ-UHFFFAOYSA-N,C21H20O12,464.3790000000001,0.1943000000000003,8,12,210.51,3,2,Fail,"Antidiabetic, antioxidant, aldose reductase inhibitor","Aldose Reductase, α-Glucosidase",10.31989/bchd.v6i6.1108,2023,Flavonoid Glycoside,Flavonoid,Bioactive Compounds in Health and Disease,Myricetin glycoside identified in leaf extracts.,Verified,0.2857142857142857,4,3,33,109.2274,0.24425467408199,Fail,0,Pass
AFRO-0196,Nicotiflorin (Kaempferol 3-O-rutinoside),Carica papaya L.,Papaya,Caricaceae,Leaf,Nigeria; Globally,5318767,CC1OC(OCC2OC(Oc3c(-c4ccc(O)cc4)oc4cc(O)cc(O)c4c3=O)C(O)C(O)C2O)C(O)C(O)C1O,RTATXGUCZHCSNG-UHFFFAOYSA-N,C27H30O15,594.5220000000005,-1.3927,9,15,249.2,6,3,Fail,"Antidiabetic, α-glucosidase inhibitor, antioxidant",α-Glucosidase,10.31989/bchd.v6i6.1108,2023,Flavonoid Glycoside,Flavonoid,Bioactive Compounds in Health and Disease,Kaempferol rutinoside constituent of leaves.,Verified,0.4444444444444444,5,3,42,138.5312000000002,0.1592907073840895,Fail,3,Fail
AFRO-0197,Clitorin (Kaempferol 3-O-rutinoside-7-O-rhamnoside derivative),Carica papaya L.,Papaya,Caricaceae,Leaf,Nigeria; Globally,11813834,CC1OC(OCC2OC(Oc3c(-c4ccc(O)cc4)oc4cc(OC5OC(C)C(O)C(O)C5O)cc(O)c4c3=O)C(O)C(O)C2O)C(O)C(O)C1O,PEFASEPMJYRQBW-UHFFFAOYSA-N,C33H40O19,740.6640000000008,-2.891999999999997,11,19,308.12,8,3,Fail,"Antidiabetic, antioxidant",α-Glucosidase,10.31989/bchd.v6i6.1108,2023,Flavonoid Glycoside,Flavonoid,Bioactive Compounds in Health and Disease,Multiglycosylated kaempferol derivative in papaya leaves.,Verified,0.5454545454545454,6,3,52,169.8497999999998,0.110405422150913,Fail,3,Fail
AFRO-0199,Choline,Carica papaya L.,Papaya,Caricaceae,Leaf,Nigeria; Globally,305,C[N+](C)(C)CCO,OEYIOHPDSNJKLS-UHFFFAOYSA-N,C5H14NO+,104.173,-0.3150999999999999,1,1,20.23,2,0,Pass,"Lipotropic, antidiabetic nutrient, hepatic protective","Lipid metabolism, liver insulin signaling",10.31989/bchd.v6i6.1108,2023,Quaternary Ammonium Compound,Nitrogenous Compound,Bioactive Compounds in Health and Disease,Essential lipotropic amine present in leaf extract.,Verified,1.0,0,0,7,29.98519999999998,0.4761839314892425,Pass,3,Fail
AFRO-0200,p-Coumaric acid,Carica papaya L.,Papaya,Caricaceae,Leaf,Nigeria; Globally,637542,O=C(O)/C=C/c1ccc(O)cc1,NGSWKAQJJWESNS-ZZXKWVIFSA-N,C9H8O3,164.16,1.49,2,2,57.53,2,0,Pass,"Antidiabetic, glucose uptake enhancer, antioxidant","GLUT4 translocation, α-glucosidase",10.31989/bchd.v6i6.1108,2023,Hydroxycinnamic Acid,Phenolic Compound,Bioactive Compounds in Health and Disease,Phenolic acid constituent in leaves.,Verified,0.0,1,1,12,44.77660000000001,0.65083387330713,Pass,1,Fail
AFRO-0201,Caffeic acid,Carica papaya L.,Papaya,Caricaceae,Leaf,Nigeria; Globally,689043,O=C(O)/C=C/c1ccc(O)c(O)c1,QAIPRVGONGVQAS-DUXPYHPUSA-N,C9H8O4,180.159,1.1956,3,3,77.76,2,0,Pass,"Antidiabetic, hepatic glucose output inhibitor, antioxidant","Glucose-6-phosphatase, α-Glucosidase",10.31989/bchd.v6i6.1108,2023,Hydroxycinnamic Acid,Phenolic Compound,Bioactive Compounds in Health and Disease,Potent dietary phenolic acid in papaya leaf extract.,Verified,0.0,1,1,13,46.44140000000001,0.4716213331416678,Pass,1,Fail
AFRO-0202,Chlorogenic acid,Carica papaya L.,Papaya,Caricaceae,Leaf,Nigeria; Globally,1794427,O=C(/C=C/c1ccc(O)c(O)c1)OC1CC(O)C(O)CC1(O)C(=O)O,CSJDRVFLXVZYSA-DUXPYHPUSA-N,C16H18O9,354.311,-0.6459000000000001,6,8,164.75,4,1,Pass,"Antidiabetic, glucose-6-phosphatase inhibitor, α-glucosidase inhibitor","Glucose-6-Phosphatase, α-Glucosidase",10.31989/bchd.v6i6.1108,2023,Caffeoylquinic Acid,Phenolic Compound,Bioactive Compounds in Health and Disease,Key hydroxycinnamic acid ester in C. papaya leaves.,Verified,0.375,2,1,25,82.5188,0.2340852797608433,Fail,1,Fail
AFRO-0203,Protocatechuic acid,Carica papaya L.,Papaya,Caricaceae,Leaf,Nigeria; Globally,72,O=C(O)c1ccc(O)c(O)c1,YQUVCSBJEUQKSH-UHFFFAOYSA-N,C7H6O4,154.121,0.7959999999999998,3,3,77.76,1,0,Pass,"Antidiabetic, insulin-mimetic, antioxidant","Insulin receptor, free radicals",10.31989/bchd.v6i6.1108,2023,Dihydroxybenzoic Acid,Phenolic Compound,Bioactive Compounds in Health and Disease,Dihydroxybenzoic acid in leaves; exhibits insulin-like metabolic actions.,Verified,0.0,1,1,11,36.7309,0.5224912248827285,Pass,3,Fail
AFRO-0204,trans-Ferulic acid,Carica papaya L.,Papaya,Caricaceae,Leaf,Nigeria; Globally,445858,COc1cc(/C=C/C(=O)O)ccc1O,KSEBMYQBYZTDHS-HWKANZROSA-N,C10H10O4,194.186,1.4986,2,3,66.76,3,0,Pass,"Antidiabetic, blood glucose lowering, antioxidant","Pancreatic β-cells, α-Glucosidase",10.31989/bchd.v6i6.1108,2023,Hydroxycinnamic Acid,Phenolic Compound,Bioactive Compounds in Health and Disease,Ferulic acid isomer present in C. papaya leaf extract.,Verified,0.1,1,1,14,51.32860000000002,0.715320210715463,Pass,1,Fail
AFRO-0205,Lycopene,Carica papaya L.,Papaya,Caricaceae,Leaf / Fruit,Nigeria; Globally,5280489,CC(C)=CCCC(C)=CC=CC(C)=CC=CC(C)=CC=CC(C)=CC=CC(C)=CC=C(C)CCC=C(C)CCC=C(C)CCC=C(C)C,OQMMWUQCGANEST-UHFFFAOYSA-N,C40H56,647.0879999999999,15.83479999999996,0,0,0.0,21,2,Fail,"Antioxidant, protective against diabetic complications","Free radicals, ROS",10.31989/bchd.v6i6.1108,2023,Acyclic Carotenoid,Lipid,Bioactive Compounds in Health and Disease,Carotenoid antioxidant present in papaya pulp and leaves.,Verified,0.4166666666666667,0,0,48,222.4139999999991,0.0859621710584054,Fail,3,Fail
AFRO-0206,Zeaxanthin,Carica papaya L.,Papaya,Caricaceae,Leaf / Fruit,Nigeria; Globally,5280899,CC1=C(/C=C/C(C)=C/C=C/C(C)=C/C=C/C=C(C)/C=C/C=C(C)/C=C/C2=C(O)CC(C)(C)CC2)C(C)(C)CC(O)C1,UEYVOKZPWATDOG-XZLQINKOSA-N,C40H56O2,554.8590000000004,11.07219999999999,2,2,40.46,10,2,Fail,"Antioxidant, protection against diabetic retinopathy","Retinal oxidative stress, ROS",10.31989/bchd.v6i6.1108,2023,Xanthophyll Carotenoid,Lipid,Bioactive Compounds in Health and Disease,Oxygenated carotenoid in fruit and leaves.,Verified,0.4358974358974359,2,0,41,179.7365999999995,0.2636494198564786,Pass,3,Fail
AFRO-0207,beta-Carotene,Carica papaya L.,Papaya,Caricaceae,Leaf / Seed / Fruit,Nigeria; Globally,5280489,CC1=C(/C=C/C(C)=C/C=C/C(C)=C/C=C/C=C(C)/C=C/C=C(C)/C=C/C2=C(C)CCCC2(C)C)C(C)(C)CCC1,OENHQHLEOONYIE-JLTXGRSLSA-N,C40H56,536.8880000000004,12.60579999999998,0,0,0.0,10,2,Fail,"Antioxidant, glucose regulation, pro-vitamin A","Oxidative stress, lipid peroxidation",10.31989/bchd.v6i6.1108,2023,Pro-vitamin A Carotenoid,Lipid,Bioactive Compounds in Health and Disease,Major hydrocarbon carotenoid across C. papaya tissues.,Verified,0.45,2,0,40,181.3919999999994,0.2435127020219794,Pass,3,Fail
AFRO-0208,Phytol,Carica papaya L.,Papaya,Caricaceae,Leaf,Nigeria; Globally,5280435,CC(=CCO)CCCC(C)CCCC(C)CCCC(C)C,BOTWFXYSPFMFNR-UHFFFAOYSA-N,C20H40O,296.539,6.364100000000008,1,1,20.23,13,1,Pass,"Antidiabetic, aldose reductase inhibitor, antioxidant",Aldose Reductase,10.31989/bchd.v6i6.1108,2023,Diterpene Alcohol,Terpenoid,Bioactive Compounds in Health and Disease,Diterpene constituent of leaves with aldose reductase inhibition.,Verified,0.9,0,0,21,95.56180000000008,0.3917560713370458,Fail,1,Fail
AFRO-0210,Benzyl isothiocyanate,Carica papaya L.,Papaya,Caricaceae,Seed / Root / Leaf,Nigeria; Globally,2346,S=C=NCc1ccccc1,MDKCFLQDBWCQCV-UHFFFAOYSA-N,C8H7NS,149.218,2.289400000000001,0,2,12.36,2,0,Pass,"Antidiabetic, insulin sensitizing, anti-inflammatory","Insulin receptor, NF-kB",10.31989/bchd.v6i6.1108,2023,Isothiocyanate,Organosulfur Compound,Bioactive Compounds in Health and Disease,Bioactive breakdown product of benzylglucosinolate in seeds/roots.,Verified,0.125,1,1,10,45.17200000000002,0.4639437938300225,Pass,2,Fail
AFRO-0211,beta-Sitosterol,Carica papaya L.,Papaya,Caricaceae,Seed / Stem bark,Nigeria; Globally,222284,CCC(CCC(C)C1CCC2C3CC=C4CC(O)CCC4(C)C3CCC12C)C(C)C,KZJWDPNRJALLNS-UHFFFAOYSA-N,C29H50O,414.7180000000002,8.02480000000001,1,1,20.23,6,1,Pass,"Antidiabetic, hypolipidemic, insulin release promoter","Pancreatic β-cells, lipid profile",10.31989/bchd.v6i6.1108,2023,Phytosterol,Steroid,Bioactive Compounds in Health and Disease,Plant sterol found in seeds and stem bark with blood glucose lowering activity.,Verified,0.9310344827586207,4,0,30,128.2168000000001,0.436095641737511,Pass,1,Fail
AFRO-0212,Palmitic acid (Hexadecanoic acid),Carica papaya L.,Papaya,Caricaceae,Seed / Juice,Nigeria; Globally,985,CCCCCCCCCCCCCCCC(=O)O,IPCSVZSSVZVIGE-UHFFFAOYSA-N,C16H32O2,256.4299999999999,5.552300000000005,1,1,37.3,14,1,Pass,"Antidiabetic seed constituent, α-glucosidase inhibitor","α-Glucosidase, α-Amylase",10.31989/bchd.v6i6.1108,2023,Saturated Fatty Acid,Lipid,Bioactive Compounds in Health and Disease,Abundant saturated fatty acid in papaya seed oil.,Verified,0.9375,0,0,18,77.94780000000007,0.4134897831112085,Fail,1,Fail
AFRO-0213,Palmitic acid,Carica papaya L.,Papaya,Caricaceae,Seed / Juice,Nigeria; Globally,985,CCCCCCCCCCCCCCCC(=O)O,IPCSVZSSVZVIGE-UHFFFAOYSA-N,C16H32O2,256.4299999999999,5.552300000000005,1,1,37.3,14,1,Pass,Antidiabetic seed fatty acid constituent,Carbohydrate metabolism,10.31989/dsn.v1i9.991,2022,Saturated Fatty Acid,Lipid,Dietary Supplements and Nutraceuticals,Fatty acid component of seeds and juice with antidiabetic potential.,Verified,0.9375,0,0,18,77.94780000000007,0.4134897831112085,Fail,1,Fail
AFRO-0214,Ascorbic acid (Vitamin C),Carica papaya L.,Papaya,Caricaceae,Fruit / Leaf,Nigeria; Globally,54670067,O=C1OC(C(O)CO)C(O)=C1O,CIWBSHSKHKDKBQ-UHFFFAOYSA-N,C6H8O6,176.124,-1.4074,4,6,107.22,2,0,Pass,"Antioxidant, protective against diabetic oxidative stress","Free radicals, ROS",10.31989/dsn.v1i9.991,2022,Water-soluble Vitamin,Vitamin,Dietary Supplements and Nutraceuticals,Antioxidant vitamin mitigating free radical damage associated with diabetes.,Verified,0.5,1,0,12,35.25619999999999,0.3850054008235984,Pass,3,Fail
AFRO-0215,Tocopherol (Vitamin E),Carica papaya L.,Papaya,Caricaceae,Leaf / Seed,Nigeria; Globally,14985,Cc1c(C)c2c(c(C)c1O)CCC(C)(CCCC(C)CCCC(C)CCCC(C)C)O2,GVJHHUAWPYXKBD-UHFFFAOYSA-N,C29H50O2,430.7170000000002,8.840260000000002,1,2,29.46,12,1,Pass,"Antioxidant, inhibits diabetic lipid peroxidation","Lipid peroxidation, ROS",10.31989/dsn.v1i9.991,2022,Tocopherol,Lipid,Dietary Supplements and Nutraceuticals,Antioxidant vitamin protecting cellular membranes in diabetes.,Verified,0.7931034482758621,2,1,31,134.3908,0.3586439444789778,Fail,2,Fail
AFRO-0216,Oleic acid,Carica papaya L.,Papaya,Caricaceae,Seeds,Nigeria; Globally,445639,CCCCCCCC/C=C\CCCCCCCC(=O)O,ZQPPMHVWECSIRJ-KTKRTIGZSA-N,C18H34O2,282.4679999999999,6.108500000000006,1,1,37.3,15,1,Pass,"Antidiabetic, α-amylase & α-glucosidase inhibitor","α-Amylase, α-Glucosidase",10.1016/j.crbiot.2020.11.001,2020,Monounsaturated Fatty Acid,Lipid,Current Research in Biotechnology,Bioactive seed constituent reported in Agada et al. (2020) to inhibit α-amylase and α-glucosidase enzymes.,Verified,0.8333333333333334,0,0,20,87.08780000000007,0.2905169417988814,Fail,1,Fail
AFRO-0217,Octadecanoic acid (Stearic acid),Carica papaya L.,Papaya,Caricaceae,Seeds / Unripe fruit,Nigeria; Globally,5281,CCCCCCCCCCCCCCCCCC(=O)O,QIQXTHQIDYTFRH-UHFFFAOYSA-N,C18H36O2,284.4839999999999,6.332500000000007,1,1,37.3,16,1,Pass,"Antidiabetic, carbohydrate digestive enzyme inhibitor","α-Amylase, α-Glucosidase",10.1016/j.crbiot.2020.11.001,2020,Saturated Fatty Acid,Lipid,Current Research in Biotechnology,Fatty acid component of seeds and fruit exhibiting enzyme inhibitory activity relevant to glycemic control.,Verified,0.9444444444444444,0,0,20,87.18180000000008,0.3360419785922725,Fail,1,Fail
AFRO-0218,n-Hexadecanoic acid (Palmitic acid),Carica papaya L.,Papaya,Caricaceae,Seeds,Nigeria; Globally,985,CCCCCCCCCCCCCCCC(=O)O,IPCSVZSSVZVIGE-UHFFFAOYSA-N,C16H32O2,256.4299999999999,5.552300000000005,1,1,37.3,14,1,Pass,"Antidiabetic, α-glucosidase inhibitor",α-Glucosidase,10.1016/j.crbiot.2020.11.001,2020,Saturated Fatty Acid,Lipid,Current Research in Biotechnology,Seed fatty acid constituent shown to inhibit carbohydrate digestive enzymes.,Verified,0.9375,0,0,18,77.94780000000007,0.4134897831112085,Fail,1,Fail
AFRO-0219,"11-Octadecenoic acid, methyl ester",Carica papaya L.,Papaya,Caricaceae,Seeds,Nigeria; Globally,5364522,CCCCCC/C=C\CCCCCCCCCC(=O)OC,PVVODBCDJBGMJL-HJWRWDBZSA-N,C19H36O2,296.4949999999999,6.196900000000007,0,2,26.3,15,1,Pass,Antidiabetic seed constituent,"α-Amylase, α-Glucosidase",10.1016/j.crbiot.2020.11.001,2020,Fatty Acid Methyl Ester,Lipid,Current Research in Biotechnology,Unsaturated fatty acid ester in seed extract with documented antidiabetic enzyme inhibition.,Verified,0.8421052631578947,0,0,21,91.46800000000007,0.2042732572729177,Fail,1,Fail
AFRO-0221,Quercetin,Carica papaya L.,Papaya,Caricaceae,Leaves / Fruit,Nigeria; Globally,5280343,O=c1c(O)c(-c2ccc(O)c(O)c2)oc2cc(O)cc(O)c12,REFJWTPEDVJJIY-UHFFFAOYSA-N,C15H10O7,302.238,1.988000000000001,5,7,131.36,1,0,Pass,"Hypoglycemic, antioxidant, insulin sensitizer","α-Glucosidase, GLUT4",10.1016/j.crbiot.2020.11.001,2020,Flavonol,Flavonoid,Current Research in Biotechnology,Flavonoid constituent in leaves/pulp implicated in glucose homeostasis and antidiabetic activity.,Verified,0.0,3,3,22,76.24399999999999,0.4341904402990981,Pass,0,Pass
AFRO-0223,β-Sitosterol,Momordica charantia,Bitter Melon,Cucurbitaceae,Fruit; Leaf,Nigeria; Globally,173183,CCC(CC(C)C)C1CCC2C3CC=C4CC(O)CCC4(C)C3CCC12C,JXSLSBUDRMPQIU-UHFFFAOYSA-N,C28H48O,372.6370000000002,6.998600000000009,1,1,20.23,4,1,Pass,Antidiabetic,Diabetes mellitus,10.1016/j.heliyon.2022.e09253,2022,Phytosterol,Steroid,Heliyon Review,Listed phytosterol,Verified,0.9230769230769231,4,0,27,114.4358000000001,0.5267234060648431,Pass,1,Fail
AFRO-0224,Campesterol,Momordica charantia,Bitter Melon,Cucurbitaceae,Fruit; Leaf,Nigeria; Globally,5280794,CCC(C)C(C)CCC(C)C1CCC2C3CC=C4CC(O)CCC4(C)C3CCC12C,KBCUEZZDVQYXRC-UHFFFAOYSA-N,C29H48O,414.7180000000003,8.02480000000001,1,1,20.23,6,1,Pass,Antidiabetic,Diabetes mellitus,10.1016/j.heliyon.2022.e09253,2022,Phytosterol,Steroid,Heliyon Review,Listed phytosterol,Verified,0.9310344827586207,4,0,30,128.2168000000001,0.436095641737511,Pass,1,Fail
AFRO-0225,Stigmasterol,Momordica charantia,Bitter Melon,Cucurbitaceae,Fruit; Leaf,Nigeria; Globally,5742590,CCC(C=CC(C)C1CCC2C3CC=C4CC(O)CCC4(C)C3CCC12C)C(C)C,HCXVJBMSMIARIN-UHFFFAOYSA-N,C35H60O6,412.7020000000003,7.80080000000001,1,1,20.23,5,1,Pass,Antidiabetic,Diabetes mellitus,10.1016/j.heliyon.2022.e09253,2022,Sterol Glycoside,Steroid,Heliyon Review,Listed phytosterol,Verified,0.8620689655172413,4,0,30,128.1228000000001,0.4565998441610757,Pass,1,Fail
AFRO-0226,Daucosterol,Momordica charantia,Bitter Melon,Cucurbitaceae,Fruit; Leaf,Nigeria; Globally,99474,CCC(CC(C)C)C1CCC2C3CC=C4CC(OC5OC(CO)C(O)C(O)C5O)CCC4(C)C3CCC12C,YQLINUKMXMQEAV-UHFFFAOYSA-N,C27H42O3,534.7780000000002,4.822800000000004,4,6,99.38000000000001,7,1,Pass,Antidiabetic,Diabetes mellitus,10.1016/j.heliyon.2022.e09253,2022,Steroidal Sapogenin,Steroid,Heliyon Review,Listed phytosterol,Verified,0.9375,5,0,38,147.0691999999999,0.3495907122229384,Pass,2,Fail
AFRO-0227,Diosgenin,Momordica charantia,Bitter Melon,Cucurbitaceae,Fruit; Leaf,Nigeria; Globally,370,CC1CCC2(O1)C(C)C1C2C2C3CC=C4CC(O)CCC4(C)C3CCC21C,UDTICYZPUZVFAD-UHFFFAOYSA-N,C7H6O5,370.5770000000002,5.349700000000006,1,2,29.46,0,1,Pass,"Antioxidant, Antidiabetic",Diabetes mellitus,10.1016/j.heliyon.2022.e09253,2022,Phenolic Acid,Phenolic Compound,Heliyon Review,Phenolic constituent,Verified,0.92,6,0,27,107.1318000000001,0.5825071268280678,Pass,0,Pass
AFRO-0228,Gallic Acid,Momordica charantia,Bitter Melon,Cucurbitaceae,Fruit; Leaf,Nigeria; Globally,1794427,O=C(O)c1cc(O)c(O)c(O)c1,LNTHITQWFMADLM-UHFFFAOYSA-N,C16H18O9,170.12,0.5016000000000003,4,4,97.99,1,0,Pass,"Antioxidant, Antidiabetic",Diabetes mellitus,10.1016/j.heliyon.2022.e09253,2022,Phenolic Acid,Phenolic Compound,Heliyon Review,Phenolic constituent,Verified,0.0,1,1,12,38.3957,0.4598882295004827,Pass,2,Fail
AFRO-0229,Chlorogenic Acid,Momordica charantia,Bitter Melon,Cucurbitaceae,Fruit; Leaf,Nigeria; Globally,689043,O=C(C=Cc1ccc(O)c(O)c1)OC1CC(O)(C(=O)O)CCC1O,DNVVQXSLOPCIJD-UHFFFAOYSA-N,C9H8O4,338.312,0.3833,5,7,144.52,4,0,Pass,"Antioxidant, Antidiabetic",Diabetes mellitus,10.1016/j.heliyon.2022.e09253,2022,Phenolic Acid,Phenolic Compound,Heliyon Review,Phenolic constituent,Verified,0.375,2,1,24,81.12900000000002,0.300988355449203,Fail,0,Pass
AFRO-0230,Caffeic Acid,Momordica charantia,Bitter Melon,Cucurbitaceae,Fruit; Leaf,Nigeria; Globally,9064,O=C(O)C=Cc1ccc(O)c(O)c1,QAIPRVGONGVQAS-UHFFFAOYSA-N,C15H14O6,180.159,1.1956,3,3,77.76,2,0,Pass,Antioxidant,Oxidative stress,10.1016/j.heliyon.2022.e09253,2022,Flavonoid,Flavonoid,Heliyon Review,Phenolic constituent,Verified,0.0,1,1,13,46.44140000000001,0.4716213331416678,Pass,1,Fail
AFRO-0231,Catechin,Momordica charantia,Bitter Melon,Cucurbitaceae,Fruit; Leaf,Nigeria; Globally,72276,Oc1cc(O)c2c(c1)OC(c1ccc(O)c(O)c1)C(O)C2,PFTAWBLQPZVEMU-UHFFFAOYSA-N,C15H14O6,290.271,1.546100000000001,5,6,110.38,1,0,Pass,Antioxidant,Oxidative stress,10.1016/j.heliyon.2022.e09253,2022,Flavonoid,Flavonoid,Heliyon Review,Phenolic constituent,Verified,0.2,3,2,21,72.62300000000002,0.5095927314649248,Pass,0,Pass
AFRO-0232,Epicatechin,Momordica charantia,Bitter Melon,Cucurbitaceae,Fruit; Leaf,Nigeria; Globally,5280343,Oc1cc(O)c2c(c1)OC(c1ccc(O)c(O)c1)C(O)C2,PFTAWBLQPZVEMU-UHFFFAOYSA-N,C15H10O7,290.271,1.546100000000001,5,6,110.38,1,0,Pass,"Antioxidant, Antidiabetic",Diabetes mellitus,10.1016/j.heliyon.2022.e09253,2022,Flavonoid,Flavonoid,Heliyon Review,Phenolic constituent,Verified,0.2,3,2,21,72.62300000000002,0.5095927314649248,Pass,0,Pass
AFRO-0233,Quercetin,Momordica charantia,Bitter Melon,Cucurbitaceae,Fruit; Leaf,Nigeria; Globally,5280863,O=c1c(O)c(-c2ccc(O)c(O)c2)oc2cc(O)cc(O)c12,REFJWTPEDVJJIY-UHFFFAOYSA-N,C15H10O6,302.238,1.988000000000001,5,7,131.36,1,0,Pass,Antioxidant,Oxidative stress,10.1016/j.heliyon.2022.e09253,2022,Flavonoid,Flavonoid,Heliyon Review,Phenolic constituent,Verified,0.0,3,3,22,76.24399999999999,0.4341904402990981,Pass,0,Pass
AFRO-0234,Kaempferol,Momordica charantia,Bitter Melon,Cucurbitaceae,Fruit; Leaf,Nigeria; Globally,5280805,O=c1c(O)c(-c2ccc(O)cc2)oc2cc(O)cc(O)c12,IYRMWMYZSQPJKC-UHFFFAOYSA-N,C27H30O16,286.239,2.282400000000001,4,6,111.13,1,0,Pass,"Antioxidant, Antidiabetic",Diabetes mellitus,10.1016/j.heliyon.2022.e09253,2022,Flavonoid Glycoside,Flavonoid,Heliyon Review,Phenolic constituent,Verified,0.0,3,3,21,74.5792,0.5458513994143424,Pass,0,Pass
AFRO-0235,Rutin,Momordica charantia,Bitter Melon,Cucurbitaceae,Fruit; Leaf,Nigeria; Globally,5280804,CC1OC(OCC2OC(Oc3c(-c4ccc(O)c(O)c4)oc4cc(O)cc(O)c4c3=O)C(O)C(O)C2O)C(O)C(O)C1O,IKGXIBQEEMLURG-UHFFFAOYSA-N,C21H20O12,610.5210000000006,-1.6871,10,16,269.4299999999999,6,3,Fail,Antioxidant,Oxidative stress,10.1016/j.heliyon.2022.e09253,2022,Flavonoid Glycoside,Flavonoid,Heliyon Review,Phenolic constituent,Verified,0.4444444444444444,5,3,43,140.1960000000002,0.1395178432216246,Fail,3,Fail
AFRO-0236,Isoquercitrin,Momordica charantia,Bitter Melon,Cucurbitaceae,Fruit; Leaf,Nigeria; Globally,5281855,O=c1c(OC2OC(CO)C(O)C(O)C2O)c(-c2ccc(O)c(O)c2)oc2cc(O)cc(O)c12,OVSQVDMCBVZWGM-UHFFFAOYSA-N,C14H6O8,464.3790000000001,-0.5388999999999997,8,12,210.51,4,2,Fail,Antioxidant,Oxidative stress,10.1016/j.heliyon.2022.e09253,2022,Polyphenol,Phenolic Compound,Heliyon Review,Phenolic constituent,Verified,0.2857142857142857,4,3,33,108.9744,0.2288751447852227,Fail,1,Fail
AFRO-0237,Ellagic Acid,Momordica charantia,Bitter Melon,Cucurbitaceae,Fruit; Leaf,Ghana; Egypt; Nigeria,445858,O=c1oc2c(O)c(O)cc3c(=O)oc4cc(O)cc1c4c23,CEHLIOFGANXOMT-UHFFFAOYSA-N,C10H10O4,286.1949999999999,1.6072,3,7,121.11,0,0,Pass,Antioxidant,Oxidative stress,10.1016/j.heliyon.2022.e09253,2022,Phenolic Acid,Phenolic Compound,Heliyon Review,Phenolic constituent,Verified,0.0,4,4,21,72.2124,0.2548378843868956,Pass,0,Pass
AFRO-0238,Ferulic Acid,Momordica charantia,Bitter Melon,Cucurbitaceae,Fruit; Leaf,Ghana; Egypt; Nigeria,72,COc1cc(C=CC(=O)O)ccc1O,KSEBMYQBYZTDHS-UHFFFAOYSA-N,C7H6O4,194.186,1.4986,2,3,66.76,3,0,Pass,Antioxidant,Oxidative stress,10.1016/j.heliyon.2022.e09253,2022,Phenolic Acid,Phenolic Compound,Heliyon Review,Phenolic constituent,Verified,0.1,1,1,14,51.32860000000002,0.715320210715463,Pass,1,Fail
AFRO-0239,Protocatechuic Acid,Momordica charantia,Bitter Melon,Cucurbitaceae,Fruit; Leaf,Ghana; Egypt; Nigeria,8468,O=C(O)c1ccc(O)c(O)c1,YQUVCSBJEUQKSH-UHFFFAOYSA-N,C8H8O4,154.121,0.7959999999999998,3,3,77.76,1,0,Pass,Antioxidant,Oxidative stress,10.1016/j.heliyon.2022.e09253,2022,Phenolic Acid,Phenolic Compound,Heliyon Review,Phenolic constituent,Verified,0.0,1,1,11,36.7309,0.5224912248827285,Pass,3,Fail
AFRO-0240,Vanillic Acid,Momordica charantia,Bitter Melon,Cucurbitaceae,Fruit; Leaf,Ghana; Egypt; Nigeria,637542,COc1cc(C(=O)O)ccc1O,WKOLLVMJNQIZCI-UHFFFAOYSA-N,C9H8O3,168.148,1.099,2,3,66.76,2,0,Pass,Antioxidant,Oxidative stress,10.1016/j.heliyon.2022.e09253,2022,Phenolic Acid,Phenolic Compound,Heliyon Review,Phenolic constituent,Verified,0.125,1,1,12,41.61810000000001,0.6933988517563217,Pass,1,Fail
AFRO-0241,p-Coumaric Acid,Momordica charantia,Bitter Melon,Cucurbitaceae,Fruit; Leaf,Ghana; Egypt; Nigeria,5281672,O=C(O)C=Cc1ccc(O)cc1,NGSWKAQJJWESNS-UHFFFAOYSA-N,C15H10O8,164.16,1.49,2,2,57.53,2,0,Pass,Antioxidant,Oxidative stress,10.1016/j.heliyon.2022.e09253,2022,Flavonoid,Flavonoid,Heliyon Review,Phenolic constituent,Verified,0.0,1,1,12,44.77660000000001,0.65083387330713,Pass,1,Fail
AFRO-0242,Myricetin,Parquetina nigrescens,Ogbo,Asclepiadaceae,"Fruits, Leave",Nigeria,Not reported in paper,O=c1c(O)c(-c2cc(O)c(O)c(O)c2)oc2cc(O)cc(O)c12,IKMDFBPHZNJCSN-UHFFFAOYSA-N,Not reported in paper,318.237,1.6936,6,8,151.59,1,1,Pass,Antidiabetic; best docking hit,"α-Amylase, α-Glucosidase, SGLT2, PPAR-γ, 11β-HSD, DPP-IV",10.1177/11779322231223857,2024,Flavonoid glycoside,Flavonoid,"Ayoola et al., 2024",Best binder against all investigated diabetes targets.,Verified,0.0,3,3,23,77.90879999999999,0.3707504645634647,Fail,0,Pass
AFRO-0243,Convallatoxin,Parquetina nigrescens,Ogbo,Asclepiadaceae,"Fruits, Leave",Nigeria,443926,CC1OC(OC2CC(O)C3(O)C(CCC4C3CCC3(C=O)C(C5=CC(=O)OC5)C(O)CC43O)C2)C(O)C(O)C1O,UUGRGPZFFDJCDI-UHFFFAOYSA-N,C29H42O10,568.6160000000006,-1.698499999999997,7,12,203.44,4,3,Fail,Antidiabetic constituent,Not specified,10.1177/11779322231223857,2024,Cardiac glycoside,Steroid,Literature cited in paper,Previously isolated from ethyl acetate root bark fraction.,Verified,0.8571428571428571,6,0,40,132.9596000000002,0.115246653051886,Fail,3,Fail
AFRO-0244,Nigrescigenin,Parquetina nigrescens,Ogbo,Asclepiadaceae,"Fruits, Leave",Nigeria,101855610,CC12CCC(O)CC1C1CCC3(O)C(C4=CC(=O)OC4)CCC3(O)C1=CC2=O,GWNHTBQCFJLWJT-UHFFFAOYSA-N,C23H32O6,388.4600000000001,1.4282,3,6,104.06,1,0,Pass,Not specified,Not specified,10.1177/11779322231223857,2024,Steroidal constituent,Steroid,Literature cited in paper,Previously isolated compound.,Verified,0.7272727272727273,5,0,28,98.93440000000004,0.5872753221734899,Pass,0,Pass
AFRO-0245,Periplogenin,Parquetina nigrescens,Ogbo,Asclepiadaceae,"Fruits, Leave",Nigeria,441829,CC12CCC(O)CC1C1CCC3(O)C(C4=CC(=O)OC4)CCC3(O)C1CCC2O,SOSFBBHTXJATJS-UHFFFAOYSA-N,C23H34O5,406.5190000000001,1.69,4,6,107.22,1,0,Pass,Not specified,Not specified,10.1177/11779322231223857,2024,Steroidal constituent,Steroid,Literature cited in paper,Previously isolated compound.,Verified,0.8695652173913043,5,0,29,104.5752000000001,0.4938715723894149,Pass,0,Pass
AFRO-0246,Strophantidin,Parquetina nigrescens,Ogbo,Asclepiadaceae,"Fruits, Leave",Nigeria,441865,O=CC12CCC3C4CC(O)C(O)CC4(O)CCC3C1(O)CC(O)C2C1=CC(=O)OC1,ORYGYPKFKSBNAN-UHFFFAOYSA-N,C23H32O6,422.4740000000001,-0.5503,5,8,144.52,2,0,Pass,Not specified,Not specified,10.1177/11779322231223857,2024,Cardiac glycoside,Steroid,Literature cited in paper,Previously isolated compound.,Verified,0.8181818181818182,5,0,30,101.738,0.2944869127014068,Fail,1,Fail
AFRO-0247,Strophantidol,Parquetina nigrescens,Ogbo,Asclepiadaceae,"Fruits, Leave",Nigeria,119827,O=C1C=C(C2C(O)CC3(O)C4CCC5(O)CC(O)C(O)CC5C4CCC23CO)CO1,ZBENKQSDTNNGCC-UHFFFAOYSA-N,C23H34O6,424.4900000000001,-0.7568999999999996,6,8,147.68,2,1,Pass,Not specified,Not specified,10.1177/11779322231223857,2024,Cardiac glycoside,Steroid,Literature cited in paper,Previously isolated compound.,Verified,0.8636363636363636,5,0,30,102.7598,0.3171966888455504,Fail,1,Fail
AFRO-0248,16-Acetyl strophantidin,Parquetina nigrescens,Ogbo,Asclepiadaceae,"Fruits, Leave",Nigeria,12305342,CC(=O)OC1CC2(CC1O)C(O)CCC1C2CCC2(C=O)C(C3=CC(=O)OC3)C(O)CC12O,ZNZLHRPHHUBAFA-UHFFFAOYSA-N,C25H34O7,464.5110000000002,0.02049999999999996,4,9,150.59,3,0,Pass,Not specified,Not specified,10.1177/11779322231223857,2024,Cardiac glycoside derivative,Steroid,Literature cited in paper,Previously isolated compound.,Verified,0.7916666666666666,5,0,33,111.2852000000001,0.334688300080392,Fail,0,Pass
AFRO-0249,16-Hydrostrophantidin,Parquetina nigrescens,Ogbo,Asclepiadaceae,"Fruits, Leave",Nigeria,101340,O=CC12CCC3C4CC(O)C(O)CC4(O)CCC3C1(O)C(O)C(O)C2C1=CC(=O)OC1,KQKAXZOXYXQJKW-UHFFFAOYSA-N,C23H32O7,438.4730000000001,-1.579499999999999,6,9,164.75,2,1,Pass,Not specified,Not specified,10.1177/11779322231223857,2024,Cardiac glycoside derivative,Steroid,Literature cited in paper,Previously isolated compound.,Verified,0.8181818181818182,5,0,31,103.1278,0.220426800593114,Fail,1,Fail
AFRO-0250,Noradrenaline,Parquetina nigrescens,Ogbo,Asclepiadaceae,"Fruits, Leave",Nigeria,439260,NCC(O)c1ccc(O)c(O)c1,SFLSHLFXELFNJZ-UHFFFAOYSA-N,C8H11NO3,169.18,0.08989999999999976,4,4,86.71000000000001,2,0,Pass,Not specified,Not specified,10.1177/11779322231223857,2024,Catecholamine alkaloid,Alkaloid,Literature cited in paper,Previously isolated compound.,Verified,0.25,1,1,12,43.78580000000002,0.4724272074622586,Pass,1,Fail
AFRO-0251,Cymarin,Parquetina nigrescens,Ogbo,Asclepiadaceae,"Fruits, Leave",Nigeria,441853,COC1CC(O)C(C)OC1OC1CC(O)C2(O)C(CCC3C2CCC2(C=O)C(C4=CC(=O)OC4)C(O)CC32O)C1,KPBTWNPMSZFFSH-UHFFFAOYSA-N,C30H44O9,566.6440000000003,-0.01519999999999766,5,11,172.21,5,2,Fail,Not specified,Not specified,10.1177/11779322231223857,2024,Cardiac glycoside,Steroid,Literature cited in paper,Previously isolated compound.,Verified,0.8620689655172413,6,0,40,136.3600000000001,0.1720757387339126,Fail,2,Fail
AFRO-0252,Vicine,Momordica charantia,Bitter Melon,Cucurbitaceae,"Fruits, Leave",Nigeria,115132,Nc1nc(OC2OC(CO)C(O)C(O)C2O)c(N)c(=O)[nH]1,WPKPQPCFEWJAEH-UHFFFAOYSA-N,C10H16N4O7,304.259,-3.886999999999999,7,10,197.17,3,1,Pass,Blood glucose lowering activity,Insulin regulation,10.1016/j.heliyon.2022.e09253,2022,Pyrimidine Glycoside,Glycoside,Review Article,One of the best-known antidiabetic constituents,Verified,0.6,2,1,21,68.0777,0.2895938157052904,Fail,1,Fail
AFRO-0253,Combretin B,Combretum zeyheri,Large-fruited Bushwillow,Combretaceae,"Fruits, Leave",Zimbabwe,101602492,COc1ccc(CCc2cc(O)c(OC)c(O)c2)cc1O,KUGBWOHCOLRCPN-UHFFFAOYSA-N,C18H20O6,290.3149999999999,2.605800000000002,3,5,79.15,5,0,Pass,Antidiabetic activity,Multiple diabetes targets,10.1016/j.sajb.2021.11.018,2022,Triterpenoid,Terpenoid,Review article,Listed among the most promising African antidiabetic compounds,Verified,0.25,2,2,21,78.39040000000003,0.788539634717775,Pass,0,Pass
