Compound_ID,Compound_Name,Plant_Name,Common_Name,Plant_Family,Plant_Part,Country_of_Use,PubChem_CID,Canonical_SMILES,InChIKey,Molecular_Formula,Molecular_Weight,LogP,HBD,HBA,TPSA,Rotatable_Bonds,Lipinski_Violations,Lipinski_Status,Reported_Activity,Assay_Target,Source_DOI_or_URL,Reference_Year,Compound_Class,Compound_Superclass,Data_Source,Notes,Validation_Status,Fraction_CSP3,Ring_Count,Aromatic_Ring_Count,Heavy_Atom_Count,Molar_Refractivity,QED_Score,Veber_Status,Ghose_Violations,Ghose_Status
AFRO-0001,Luteolin,Vernonia amygdalina,Bitter Leaf,Asteraceae,Leaf; Root,Nigeria,5280445,O=c1cc(-c2ccc(O)c(O)c2)oc2cc(O)cc(O)c12,IQPNAANSBPBGFQ-UHFFFAOYSA-N,C15H10O6,286.239,2.2824,4,6,111.13,1,0,Pass,"α-Glucosidase inhibition, AGEs inhibition, and potent antioxidant activity",In vitro enzymatic & BSA glycation assays,10.1155/2023/3159352,2023,Flavone,Flavonoid,Journal of Diabetes Research (Hindawi / Wiley),Standardized from v1.0 release,Verified,0.0,3,3,21,74.5792,0.510622,Pass,0,Pass
AFRO-0002,Vernodalol,Vernonia amygdalina,Bitter Leaf,Asteraceae,Leaf; Root,Nigeria,442994,C=C(CO)C(=O)OC1CC2C(=C)C(=O)OC2C(O)C(C(=C)C)C1=O,FFNBPGORUWEHOO-UHFFFAOYSA-N,C17H20O7,336.34,0.0705,2,7,110.13,4,0,Pass,"α-Glucosidase inhibition, AGEs inhibition, and antioxidant activity",In vitro enzymatic & BSA glycation assays,10.1155/2023/3159352,2023,Sesquiterpene lactone,Terpenoid,Journal of Diabetes Research (Hindawi / Wiley),Standardized from v1.0 release,Verified,0.470588,2,0,24,82.5506,0.424537,Pass,0,Pass
AFRO-0003,Catechin,Vernonia amygdalina,Bitter Leaf,Asteraceae,Leaf; Root,Nigeria,9064,Oc1cc(O)c2c(c1)OC(c1ccc(O)c(O)c1)C(O)C2,PFTAWBLQPZVEMU-UHFFFAOYSA-N,C15H14O6,290.271,1.5461,5,6,110.38,1,0,Pass,"α-Glucosidase inhibition, AGEs formation inhibition, and oxygen radical absorbance capacity",In vitro enzymatic & radical absorbance assays  In vitro enzymatic & radical absorbance assays,10.1155/2023/3159352,2023,Flavanol,Flavonoid,Journal of Diabetes Research (Hindawi / Wiley),Standardized from v1.0 release,Verified,0.2,3,2,21,72.623,0.509593,Pass,0,Pass
AFRO-0004,Caffeic Acid,Vernonia amygdalina,Bitter Leaf,Asteraceae,Leaf; Root,Nigeria,689043,O=C(O)C=Cc1ccc(O)c(O)c1,QAIPRVGONGVQAS-UHFFFAOYSA-N,C9H8O4,180.159,1.1956,3,3,77.76,2,0,Pass,"α-Glucosidase inhibition, AGEs formation inhibition, and oxygen radical absorbance capacity",In vitro enzymatic & radical absorbance assays,10.1155/2023/3159352,2023,Phenolic acid,Phenolic Compound,Journal of Diabetes Research (Hindawi / Wiley),Standardized from v1.0 release,Verified,0.0,1,1,13,46.4414,0.471621,Pass,1,Fail
AFRO-0005,Epicatechin,Moringa oleifera,Miracle Tree,Moringaceae,Leaf,Nigeria,72276,Oc1cc(O)c2c(c1)O[C@H](c1ccc(O)c(O)c1)[C@H](O)C2,PFTAWBLQPZVEMU-UKRRQHHQSA-N,C15H14O6,290.271,1.5461,5,6,110.38,1,0,Pass,Potential PPAR-γ receptor agonist / Anti-diabetic,"Peroxisome Proliferator-Activated Receptor Gamma (PPAR-γ, PDB ID: 8DK4)",10.1515/chem-2025-0216,2025,Flavanol,Flavonoid,Open Chemistry (De Gruyter),Selected via MD simulation and MM-PBSA,Verified,0.2,3,2,21,72.623,0.509593,Pass,0,Pass
AFRO-0006,Genistein,Moringa oleifera,Miracle Tree,Moringaceae,Leaf,Nigeria,5280961,O=c1c(-c2ccc(O)cc2)coc2cc(O)cc(O)c12,TZBJGXHYKVUXJN-UHFFFAOYSA-N,C15H10O5,270.24,2.5768,3,5,90.9,1,0,Pass,Potential PPAR-γ receptor agonist / Anti-diabetic,"Peroxisome Proliferator-Activated Receptor Gamma (PPAR-γ, PDB ID: 8DK4",10.1515/chem-2025-0216,2025,Isoflavone,Flavonoid,Open Chemistry (De Gruyter),Selected via MD simulation and MM-PBSA,Verified,0.0,3,3,20,72.9144,0.631833,Pass,0,Pass
AFRO-0007,Glucomoringin,Moringa oleifera,Miracle Tree,Moringaceae,Leaf,Nigeria,44198238,C1=CC(=CC=C1CC(=NOS(=O)(=O)O)S[C@H]2[C@@H]([C@H]([C@@H]([C@H](O2)CO)O)O)O)O[C@H]3[C@@H]([C@@H]([C@H]([C@H](O3)C)O)O)O,DMPSBIMDSBBEQA-MSMHERQISA-N,C20H29NO14S2,571.579,-2.8986,8,15,245.26,8,3,Fail,Potential PPAR-γ receptor agonist / Anti-diabetic,PPAR-γ (PDB ID: 8DK4),10.1515/chem-2025-0216,2025,Glucosinolate,Organosulfur Compound,Open Chemistry (De Gruyter),Selected via MD simulation and MM-PBSA,Verified,0.65,3,1,37,124.5562,0.067483,Fail,2,Fail
AFRO-0008,Isoquercetin,Moringa oleifera,Miracle Tree,Moringaceae,Leaf,Nigeria,5280804,O=c1c(O[C@@H]2O[C@H](CO)[C@@H](O)[C@H](O)[C@H]2O)c(-c2ccc(O)c(O)c2)oc2cc(O)cc(O)c12,OVSQVDMCBVZWGM-QSOFNFLRSA-N,C21H20O12,464.379,-0.5389,8,12,210.51,4,2,Fail,Potential PPAR-γ receptor agonist / Anti-diabetic,PPAR-γ (PDB ID: 8DK4),10.1515/chem-2025-0216,2025,Flavonol glycoside,Flavonoid,Open Chemistry (De Gruyter),Selected via MD simulation and MM-PBSA,Verified,0.285714,4,3,33,108.9744,0.228875,Fail,1,Fail
AFRO-0009,Ellagic Acid,Moringa oleifera,Miracle Tree,Moringaceae,Leaf,Nigeria,5281855,C1=C2C3=C(C(=C1O)O)OC(=O)C4=CC(=C(C(=C43)OC2=O)O)O,AFSDNFLWKVMVRB-UHFFFAOYSA-N,C14H6O8,302.194,1.3128,4,8,141.34,0,0,Pass,Potential PPAR-γ receptor agonist / Anti-diabetic,PPAR-γ (PDB ID: 8DK4),10.1515/chem-2025-0216,2025,Polyphenol,Phenolic Compound,Open Chemistry (De Gruyter),Selected via MD simulation and MM-PBSA,Verified,0.0,4,4,22,73.8772,0.216285,Fail,0,Pass
AFRO-0010,"Quercetin 3-6""-malonyl-glucoside",Moringa oleifera,Miracle Tree,Moringaceae,Leaf,Nigeria,5282159,O=C(O)CC(=O)OC[C@H]1O[C@@H](Oc2c(-c3ccc(O)c(O)c3)oc3cc(O)cc(O)c3c2=O)[C@H](O)[C@@H](O)[C@@H]1O,NBQPHANHNTWDML-UJKBSQBPSA-N,C24H22O15,550.425,-0.5133,8,14,253.88,7,3,Fail,Potential PPAR-γ receptor agonist / Anti-diabetic,PPAR-γ (PDB ID: 8DK4),10.1515/chem-2025-0216,2025,Flavonol glycoside,Flavonoid,Open Chemistry (De Gruyter),Selected via MD simulation and MM-PBSA,Verified,0.291667,4,3,39,125.1004,0.104658,Fail,2,Fail
AFRO-0011,Sinalbin,Moringa oleifera,Miracle Tree,Moringaceae,Leaf,Nigeria,656568,O=S(=O)(O)ON=C(Cc1ccc(O)cc1)SC1OC(CO)C(O)C(O)C1O,WWBNBPSEKLOHJU-UHFFFAOYSA-N,C14H19NO10S2,425.437,-1.3993,6,11,186.34,6,2,Fail,Potential PPAR-γ receptor agonist / Anti-diabetic,PPAR-γ (PDB ID: 8DK4),10.1515/chem-2025-0216,2025,Glucosinolate,Organosulfur Compound,Open Chemistry (De Gruyter),Selected via MD simulation and MM-PBSA,Verified,0.5,2,1,27,93.2376,0.136168,Fail,1,Fail
AFRO-0012,Rutin,Moringa oleifera,Miracle Tree,Moringaceae,Leaf,Nigeria,5280805,C[C@@H]1O[C@@H](OC[C@H]2O[C@@H](Oc3c(-c4ccc(O)c(O)c4)oc4cc(O)cc(O)c4c3=O)[C@H](O)[C@@H](O)[C@@H]2O)[C@H](O)[C@H](O)[C@H]1O,IKGXIBQEEMLURG-NVPNHPEKSA-N,C27H30O16,610.521,-1.6871,10,16,269.43,6,3,Fail,Potential PPAR-γ receptor agonist / Anti-diabetic,PPAR-γ (PDB ID: 8DK4),10.1515/chem-2025-0216,2025,Flavonol glycoside,Flavonoid,Open Chemistry (De Gruyter),Selected via MD simulation and MM-PBSA,Verified,0.444444,5,3,43,140.196,0.139518,Fail,3,Fail
AFRO-0013,Daidzein,Moringa oleifera,Miracle Tree,Moringaceae,Leaf,Nigeria,5281708,O=c1c(-c2ccc(O)cc2)coc2cc(O)ccc12,ZQSIJRDFPHDXIC-UHFFFAOYSA-N,C15H10O4,254.241,2.8712,2,4,70.67,1,0,Pass,Potential PPAR-γ receptor agonist / Anti-diabetic,PPAR-γ (PDB ID: 8DK4),10.1515/chem-2025-0216,2025,Isoflavone,Flavonoid,Open Chemistry (De Gruyter),Selected via MD simulation and MM-PBSA,Verified,0.0,3,3,19,71.2496,0.700092,Pass,1,Fail
AFRO-0014,Chlorogenic Acid,Moringa oleifera,Miracle Tree,Moringaceae,Leaf,Nigeria,1794427,O=C(/C=C/c1ccc(O)c(O)c1)O[C@@H]1C[C@](O)(C(=O)O)C[C@@H](O)[C@H]1O,CWVRJTMFETXNAD-JUHZACGLSA-N,C16H18O9,354.311,-0.6459,6,8,164.75,4,1,Pass,Potential PPAR-γ receptor agonist / Anti-diabetic,PPAR-γ (PDB ID: 8DK4),10.1515/chem-2025-0216,2025,Phenolic acid,Phenolic Compound,Open Chemistry (De Gruyter),Selected via MD simulation and MM-PBSA,Verified,0.375,2,1,25,82.5188,0.234085,Fail,1,Fail
AFRO-0015,Cryptochlorogenic acid,Moringa oleifera,Miracle Tree,Moringaceae,Leaf,Nigeria,9798666,O=C(/C=C/c1ccc(O)c(O)c1)OC1[C@H](O)CC(O)(C(=O)O)C[C@H]1O,GYFFKZTYYAFCTR-AVXJPILUSA-N,C16H18O9,354.311,-0.6459,6,8,164.75,4,1,Pass,Potential PPAR-γ receptor agonist / Anti-diabetic,PPAR-γ (PDB ID: 8DK4),10.1515/chem-2025-0216,2025,Phenolic acid,Phenolic Compound,Open Chemistry (De Gruyter),Selected via MD simulation and MM-PBSA,Verified,0.375,2,1,25,82.5188,0.234085,Fail,1,Fail
AFRO-0016,Marumoside A,Moringa oleifera,Miracle Tree,Moringaceae,Leaf,Nigeria,101794623,C[C@@H]1O[C@@H](Oc2ccc(CC(N)=O)cc2)[C@H](O)[C@H](O)[C@H]1O,FBANEUHXMFEIRO-WBFOWJMUSA-N,C14H19NO6,297.307,-1.0793,4,6,122.24,4,0,Pass,Potential PPAR-γ receptor agonist / Anti-diabetic,PPAR-γ (PDB ID: 8DK4),10.1515/chem-2025-0216,2025,Phenolic Compound,Phenolic Compound,Open Chemistry (De Gruyter),Selected via MD simulation and MM-PBSA,Verified,0.5,2,1,21,72.3238,0.560603,Pass,1,Fail
AFRO-0017,Myricetin,Moringa oleifera,Miracle Tree,Moringaceae,Leaf,Nigeria,5281672,O=c1c(O)c(-c2cc(O)c(O)c(O)c2)oc2cc(O)cc(O)c12,IKMDFBPHZNJCSN-UHFFFAOYSA-N,C15H10O8,318.237,1.6936,6,8,151.59,1,1,Pass,Potential PPAR-γ receptor agonist / Anti-diabetic,PPAR-γ (PDB ID: 8DK4),10.1515/chem-2025-0216,2025,Flavonol,Flavonoid,Open Chemistry (De Gruyter),Selected via MD simulation and MM-PBSA,Verified,0.0,3,3,23,77.9088,0.37075,Fail,0,Pass
AFRO-0018,Kaempferol-3-O-glucoside,Moringa oleifera,Miracle Tree,Moringaceae,Leaf,Nigeria,5282102,O=c1c(O)c(-c2ccc(O)cc2)oc2cc(O[C@@H]3O[C@H](CO)[C@@H](O)[C@H](O)[C@H]3O)cc(O)c12,YPWHZCPMOQGCDQ-HMGRVEAOSA-N,C21H20O11,448.38,-0.2445,7,11,190.28,4,2,Fail,Potential PPAR-γ receptor agonist / Anti-diabetic,PPAR-γ (PDB ID: 8DK4),10.1515/chem-2025-0216,2025,Flavonol glycoside,Flavonoid,Open Chemistry (De Gruyter),Selected via MD simulation and MM-PBSA,Verified,0.285714,4,3,32,107.3096,0.278628,Fail,0,Pass
AFRO-0019,Luteolin,Moringa oleifera,Miracle Tree,Moringaceae,Leaf,Nigeria,5280445,O=c1cc(-c2ccc(O)c(O)c2)oc2cc(O)cc(O)c12,IQPNAANSBPBGFQ-UHFFFAOYSA-N,C15H10O6,286.239,2.2824,4,6,111.13,1,0,Pass,Potential PPAR-γ receptor agonist / Anti-diabetic,PPAR-γ (PDB ID: 8DK4),10.1515/chem-2025-0216,2025,Flavone,Flavonoid,Open Chemistry (De Gruyter),Selected via MD simulation and MM-PBSA,Verified,0.0,3,3,21,74.5792,0.510622,Pass,0,Pass
AFRO-0020,Quercetin,Moringa oleifera,Miracle Tree,Moringaceae,Leaf,Nigeria,5280343,O=c1c(O)c(-c2ccc(O)c(O)c2)oc2cc(O)cc(O)c12,REFJWTPEDVJJIY-UHFFFAOYSA-N,C15H10O7,302.238,1.988,5,7,131.36,1,0,Pass,Potential PPAR-γ receptor agonist / Anti-diabetic,PPAR-γ (PDB ID: 8DK4),10.1515/chem-2025-0216,2025,Flavonol,Flavonoid,Open Chemistry (De Gruyter),Selected via MD simulation and MM-PBSA,Verified,0.0,3,3,22,76.244,0.43419,Pass,0,Pass
AFRO-0021,Apigenin,Moringa oleifera,Miracle Tree,Moringaceae,Leaf,Nigeria,5280443,O=c1cc(-c2ccc(O)cc2)oc2cc(O)cc(O)c12,KZNIFHPLKGYRTM-UHFFFAOYSA-N,C15H10O5,270.24,2.5768,3,5,90.9,1,0,Pass,Potential PPAR-γ receptor agonist / Anti-diabetic,PPAR-γ (PDB ID: 8DK4),10.1515/chem-2025-0216,2025,Flavone,Flavonoid,Open Chemistry (De Gruyter),Selected via MD simulation and MM-PBSA,Verified,0.0,3,3,20,72.9144,0.631833,Pass,0,Pass
AFRO-0022,Isorhamnetin,Moringa oleifera,Miracle Tree,Moringaceae,Leaf,Nigeria,5281654,COc1cc(O)ccc1-c1oc2cc(O)cc(O)c2c(=O)c1O,KOGSTTPXQAYLHK-UHFFFAOYSA-N,C16H12O7,316.265,2.291,4,7,120.36,2,0,Pass,Potential PPAR-γ receptor agonist / Anti-diabetic,PPAR-γ (PDB ID: 8DK4),10.1515/chem-2025-0216,2025,Flavonol,Flavonoid,Open Chemistry (De Gruyter),Selected via MD simulation and MM-PBSA,Verified,0.0625,3,3,23,81.1312,0.572139,Pass,0,Pass
AFRO-0023,Kaempferol-3-O-alpha-rhamnoside,Moringa oleifera,Miracle Tree,Moringaceae,Leaf,Nigeria,5316673,CC1OC(Oc2c(-c3ccc(O)cc3)oc3cc(O)cc(O)c3c2=O)C(O)C(O)C1O,SOSLMHZOJATCCP-UHFFFAOYSA-N,C21H20O10,432.381,0.7831,6,10,170.05,3,1,Pass,Potential PPAR-γ receptor agonist / Anti-diabetic,PPAR-γ (PDB ID: 8DK4),10.1515/chem-2025-0216,2025,Flavonol glycoside,Flavonoid,Open Chemistry (De Gruyter),Selected via MD simulation and MM-PBSA,Verified,0.285714,4,3,31,105.8978,0.347581,Fail,0,Pass
AFRO-0024,Kaempferol,Moringa oleifera,Miracle Tree,Moringaceae,Leaf,Nigeria,5280863,O=c1c(O)c(-c2ccc(O)cc2)oc2cc(O)cc(O)c12,IYRMWMYZSQPJKC-UHFFFAOYSA-N,C15H10O6,286.239,2.2824,4,6,111.13,1,0,Pass,Potential PPAR-γ receptor agonist / Anti-diabetic,PPAR-γ (PDB ID: 8DK4),10.1515/chem-2025-0216,2025,Flavonol,Flavonoid,Open Chemistry (De Gruyter),Selected via MD simulation and MM-PBSA,Verified,0.0,3,3,21,74.5792,0.545851,Pass,0,Pass
AFRO-0025,Niazirinin,Moringa oleifera,Miracle Tree,Moringaceae,Leaf,Nigeria,10426197,CC(=O)O[C@@H]1[C@@H](O)[C@@H](O)[C@H](Oc2ccc(CC#N)cc2)O[C@H]1C,QSGQMXJNFWYWMM-QOYUQHOESA-N,C16H19NO6,321.329,0.5298,2,7,109.01,4,0,Pass,Potential PPAR-γ receptor agonist / Anti-diabetic,PPAR-γ (PDB ID: 8DK4),10.1515/chem-2025-0216,2025,Phenylpropanoid glycoside,Phenylpropanoid,Open Chemistry (De Gruyter),"Extracted from PubChem, screening against INSR",Verified,0.5,2,1,23,78.2896,0.778491,Pass,0,Pass
AFRO-0026,Kaempferol-3-O-rutinoside,Moringa oleifera,Miracle Tree,Moringaceae,Leaf,Nigeria,5318767,CC1OC(O[C@@H]2C(O)[C@H](CO)O[C@H](O[C@@H]3OC(CO)C(O)C(O)C3O)[C@H]2O)C(O)C(O)C1O,LUUKUKOJVUARLB-OKEYHNKUSA-N,C18H32O15,488.439,-6.5454,10,15,248.45,6,2,Fail,Potential PPAR-γ receptor agonist / Anti-diabetic,PPAR-γ (PDB ID: 8DK4),10.1515/chem-2025-0216,2025,Flavonol glycoside,Flavonoid,Open Chemistry (De Gruyter),"Extracted from PubChem, screening against INSR",Verified,1.0,3,0,33,99.841,0.166843,Fail,2,Fail
AFRO-0027,Quercetin-3-O-glucoside,Moringa oleifera,Miracle Tree,Moringaceae,Leaf,Nigeria,5280804,O=c1c(OC2OC(CO)C(O)C(O)C2O)c(-c2ccc(O)c(O)c2)oc2cc(O)cc(O)c12,OVSQVDMCBVZWGM-UHFFFAOYSA-N,C21H20O12,464.379,-0.5389,8,12,210.51,4,2,Fail,Potential PPAR-γ receptor agonist / Anti-diabetic,PPAR-γ (PDB ID: 8DK4),10.1515/chem-2025-0216,2025,Flavonol glycoside,Flavonoid,Open Chemistry (De Gruyter),"Extracted from PubChem, screening against INSR",Verified,0.285714,4,3,33,108.9744,0.228875,Fail,1,Fail
AFRO-0028,Sinapinic acid,Moringa oleifera,Miracle Tree,Moringaceae,Leaf,Nigeria,637775,COc1cc(O)c(OC)c(/C=C/C(=O)O)c1,PURQJDIUEDXRAB-ONEGZZNKSA-N,C11H12O5,224.212,1.5072,2,4,75.99,4,0,Pass,Potential PPAR-γ receptor agonist / Anti-diabetic,PPAR-γ (PDB ID: 8DK4),10.1515/chem-2025-0216,2025,Phenolic acid,Phenolic Compound,Open Chemistry (De Gruyter),"Extracted from PubChem, screening against INSR",Verified,0.181818,1,1,16,57.8806,0.757888,Pass,1,Fail
AFRO-0029,Ferulic Acid,Moringa oleifera,Miracle Tree,Moringaceae,Leaf,Nigeria,445858,COc1cc(/C=C/C(=O)O)ccc1O,KSEBMYQBYZTDHS-HWKANZROSA-N,C10H10O4,194.186,1.4986,2,3,66.76,3,0,Pass,Potential PPAR-γ receptor agonist / Anti-diabetic,PPAR-γ (PDB ID: 8DK4),10.1515/chem-2025-0216,2025,Phenolic acid,Phenolic Compound,Open Chemistry (De Gruyter),"Extracted from PubChem, screening against INSR",Verified,0.1,1,1,14,51.3286,0.71532,Pass,1,Fail
AFRO-0030,Beta-Sitosterol,Moringa oleifera,Miracle Tree,Moringaceae,Leaf,Nigeria,222284,CC[C@H](CC[C@@H](C)[C@H]1CC[C@H]2[C@@H]3CC=C4C[C@@H](O)CC[C@]4(C)[C@H]3CC[C@]12C)C(C)C,KZJWDPNRJALLNS-VJSFXXLFSA-N,C29H50O,414.718,8.0248,1,1,20.23,6,1,Pass,Potential PPAR-γ receptor agonist / Anti-diabetic,PPAR-γ (PDB ID: 8DK4),10.1515/chem-2025-0216,2025,Phytosterol,Steroid,Open Chemistry (De Gruyter),"Extracted from PubChem, screening against INSR",Verified,0.931034,4,0,30,128.2168,0.436096,Pass,1,Fail
AFRO-0031,Caffeic Acid,Moringa oleifera,Miracle Tree,Moringaceae,Leaf,Nigeria,689043,O=C(O)/C=C/c1ccc(O)c(O)c1,QAIPRVGONGVQAS-DUXPYHPUSA-N,C9H8O4,180.159,1.1956,3,3,77.76,2,0,Pass,Potential PPAR-γ receptor agonist / Anti-diabetic,PPAR-γ (PDB ID: 8DK4),10.1515/chem-2025-0216,2025,Phenolic acid,Phenolic Compound,Open Chemistry (De Gruyter),"Extracted from PubChem, screening against INSR",Verified,0.0,1,1,13,46.4414,0.471621,Pass,1,Fail
AFRO-0032,Gentisic acid,Moringa oleifera,Miracle Tree,Moringaceae,Leaf,Nigeria,3469,O=C(O)c1cccc(O)c1O,GLDQAMYCGOIJDV-UHFFFAOYSA-N,C7H6O4,154.121,0.796,3,3,77.76,1,0,Pass,Potential PPAR-γ receptor agonist / Anti-diabetic,PPAR-γ (PDB ID: 8DK4),10.1515/chem-2025-0216,2025,Phenolic acid,Phenolic Compound,Open Chemistry (De Gruyter),"Extracted from PubChem, screening against INSR",Verified,0.0,1,1,11,36.7309,0.522491,Pass,3,Fail
AFRO-0033,o-Coumaric acid,Moringa oleifera,Miracle Tree,Moringaceae,Leaf,Nigeria,637540,O=C(O)C=Cc1ccccc1O,PMOWTIHVNWZYFI-UHFFFAOYSA-N,C9H8O3,164.16,1.49,2,2,57.53,2,0,Pass,Potential PPAR-γ receptor agonist / Anti-diabetic,PPAR-γ (PDB ID: 8DK4),10.1515/chem-2025-0216,2025,Phenolic acid,Phenolic Compound,Open Chemistry (De Gruyter),"Extracted from PubChem, screening against INSR",Verified,0.0,1,1,12,44.7766,0.650834,Pass,1,Fail
AFRO-0034,Gallic Acid,Moringa oleifera,Miracle Tree,Moringaceae,Leaf,Nigeria,370,O=C(O)c1cc(O)c(O)c(O)c1,LNTHITQWFMADLM-UHFFFAOYSA-N,C7H6O5,170.12,0.5016,4,4,97.99,1,0,Pass,Potential PPAR-γ receptor agonist / Anti-diabetic,PPAR-γ (PDB ID: 8DK4),10.1515/chem-2025-0216,2025,Phenolic acid,Phenolic Compound,Open Chemistry (De Gruyter),"Extracted from PubChem, screening against INSR",Verified,0.0,1,1,12,38.3957,0.459888,Pass,2,Fail
AFRO-0035,Salicylic acid,Moringa oleifera,Miracle Tree,Moringaceae,Leaf,Nigeria,338,O=C(O)c1ccccc1O,YGSDEFSMJLZEOE-UHFFFAOYSA-N,C7H6O3,138.122,1.0904,2,2,57.53,1,0,Pass,Potential PPAR-γ receptor agonist / Anti-diabetic,PPAR-γ (PDB ID: 8DK4),10.1515/chem-2025-0216,2025,Phenolic acid,Phenolic Compound,Open Chemistry (De Gruyter),"Extracted from PubChem, screening against INSR",Verified,0.0,1,1,10,35.0661,0.610259,Pass,3,Fail
AFRO-0036,p-Coumaric Acid,Moringa oleifera,Miracle Tree,Moringaceae,Leaf,Nigeria,637542,O=C(O)/C=C/c1ccc(O)cc1,NGSWKAQJJWESNS-ZZXKWVIFSA-N,C9H8O3,164.16,1.49,2,2,57.53,2,0,Pass,Potential PPAR-γ receptor agonist / Anti-diabetic,PPAR-γ (PDB ID: 8DK4),10.1515/chem-2025-0216,2025,Phenolic acid,Phenolic Compound,Open Chemistry (De Gruyter),"Extracted from PubChem, screening against INSR",Verified,0.0,1,1,12,44.7766,0.650834,Pass,1,Fail
AFRO-0037,Syringic acid,Moringa oleifera,Miracle Tree,Moringaceae,Leaf,Nigeria,10742,COc1cc(C(=O)O)cc(OC)c1O,JMSVCTWVEWCHDZ-UHFFFAOYSA-N,C9H10O5,198.174,1.1076,2,4,75.99,3,0,Pass,Potential PPAR-γ receptor agonist / Anti-diabetic,PPAR-γ (PDB ID: 8DK4),10.1515/chem-2025-0216,2025,Phenolic acid,Phenolic Compound,Open Chemistry (De Gruyter),"Extracted from PubChem, screening against INSR",Verified,0.222222,1,1,14,48.1701,0.760267,Pass,1,Fail
AFRO-0038,D-Allose,Moringa oleifera,Miracle Tree,Moringaceae,Leaf,Nigeria,439353,O=C[C@H](O)[C@H](O)[C@@H](O)[C@H](O)CO,GZCGUPFRVQAUEE-FSIIMWSLSA-N,C6H12O6,180.156,-3.3788,5,6,118.22,5,0,Pass,Potential PPAR-γ receptor agonist / Anti-diabetic,PPAR-γ (PDB ID: 8DK4),10.1515/chem-2025-0216,2025,Monosaccharide,Carbohydrate,Open Chemistry (De Gruyter),"Extracted from PubChem, screening against INSR",Verified,0.833333,0,0,12,37.177,0.281638,Pass,3,Fail
AFRO-0039,Niaziminin,Moringa oleifera,Miracle Tree,Moringaceae,Leaf,Nigeria,10023860,CC(=O)OC1C(C(OC(C1O)C)OC2=CC=C(C=C2)CNC(=S)OC)O,KEMVAGYVWTXOKO-UHFFFAOYSA-N,C17H23NO7S,385.438,0.4846,3,8,106.48,5,0,Pass,Potential PPAR-γ receptor agonist / Anti-diabetic,PPAR-γ (PDB ID: 8DK4),10.1515/chem-2025-0216,2025,Thiocarbamate glycoside,Organosulfur Compound,Open Chemistry (De Gruyter),"Extracted from PubChem, screening against INSR",Verified,0.529412,2,1,26,95.4193,0.492883,Pass,0,Pass
AFRO-0040,Vanillin,Moringa oleifera,Miracle Tree,Moringaceae,Leaf,Nigeria,1183,COc1cc(C=O)ccc1O,MWOOGOJBHIARFG-UHFFFAOYSA-N,C8H8O3,152.149,1.2133,1,3,46.53,2,0,Pass,Potential PPAR-γ receptor agonist / Anti-diabetic,PPAR-γ (PDB ID: 8DK4),10.1515/chem-2025-0216,2025,Phenolic aldehyde,Phenolic Compound,Open Chemistry (De Gruyter),"Extracted from PubChem, screening against INSR",Verified,0.125,1,1,11,40.0463,0.647744,Pass,2,Fail
AFRO-0041,Mangiferin,Mangifera indica,Mango,Anacardiaceae,Leaves; Bark,Nigeria,5281647,O=C1c2cc(O)c(O)cc2C(=O)c2c1cc(O)c(O)c2[C@@H]1O[C@H](CO)[C@@H](O)[C@H](O)[C@H]1O,SLXXRYBPSNCVFA-FJITVDBRSA-N,C20H18O11,434.353,-1.2007,8,11,205.21,2,2,Fail,"Antidiabetic, hypoglycemic, antioxidant","α-Amylase, α-Glucosidase, PTP1B, DPP-4",10.63125/anaf6b94,2022,Xanthone glycoside,Glycoside,American Journal of Interdisciplinary Studies (American Scholarly Publishing Group Inc),Systematic review docking & MD synthesis,Verified,0.3,4,2,31,99.1284,0.224839,Fail,1,Fail
AFRO-0042,Quercetin,Mangifera indica,Mango,Anacardiaceae,Peel; Leaves,Nigeria,5280343,O=c1c(O)c(-c2ccc(O)c(O)c2)oc2cc(O)cc(O)c12,REFJWTPEDVJJIY-UHFFFAOYSA-N,C15H10O7,302.238,1.988,5,7,131.36,1,0,Pass,"Antidiabetic, antioxidant, α-glucosidase inhibition","α-Amylase, α-Glucosidase, PTP1B, DPP-4",10.63125/anaf6b94,2022,Flavonol,Flavonoid,American Journal of Interdisciplinary Studies (American Scholarly Publishing Group Inc),Systematic review docking & in vitro synthesis,Verified,0.0,3,3,22,76.244,0.43419,Pass,0,Pass
AFRO-0043,Catechins,Mangifera indica,Mango,Anacardiaceae,Kernels; Peel,Nigeria,73160,Oc1cc(O)c2c(c1)O[C@H](c1ccc(O)c(O)c1)[C@@H](O)C2,PFTAWBLQPZVEMU-DZGCQCFKSA-N,C15H14O6,290.271,1.5461,5,6,110.38,1,0,Pass,"Antidiabetic, antioxidant","α-Amylase, α-Glucosidase",10.63125/anaf6b94,2022,Flavanols,Flavonoid,American Journal of Interdisciplinary Studies (American Scholarly Publishing Group Inc),Systematic review docking & in vitro synthesis,Verified,0.2,3,2,21,72.623,0.509593,Pass,0,Pass
AFRO-0044,Epicatechins,Mangifera indica,Mango,Anacardiaceae,Kernels,Nigeria,72276,Oc1cc(O)c2c(c1)O[C@@H](c1ccc(O)c(O)c1)[C@@H](O)C2,PFTAWBLQPZVEMU-ZFWWWQNUSA-N,C15H14O6,290.271,1.5461,5,6,110.38,1,0,Pass,"Antidiabetic, antioxidant, insulin-sensitizing activity","α-Amylase, α-Glucosidase",10.63125/anaf6b94,2022,Flavanols,Flavonoid,American Journal of Interdisciplinary Studies (American Scholarly Publishing Group Inc),Systematic review docking & MD synthesis,Verified,0.2,3,2,21,72.623,0.509593,Pass,0,Pass
AFRO-0045,Gallic Acid,Anacardium occidentale,Red Cashew,Anacardiaceae,Root,Nigeria,370,O=C(O)c1cc(O)c(O)c(O)c1,LNTHITQWFMADLM-UHFFFAOYSA-N,C7H6O5,170.12,0.5016,4,4,97.99,1,0,Pass,"Antidiabetic, α-glucosidase inhibitor","PDX-1 (6F8F), SUR1 (6PZ9), Insulin kinase receptor (3EKK), GLUT1 (4PYP), α-Amylase (1B2Y), α-Glucosidase (2QMJ), Glucokinase (3S41), Glycogen Phosphorylase (4MRA), FBPase 1 (5PZX), GLP-1R (3IOL), PPAR-γ (5YCP)",10.1016/j.sajb.2023.12.006,2024,Phenolic acid,Phenolic Compound,South African Journal of Botany,Isolated via column chromatography from 80% MAO extract,Verified,0.0,1,1,12,38.3957,0.459888,Pass,2,Fail
AFRO-0046,picein,Anacardium occidentale,Red Cashew,Anacardiaceae,Root,Nigeria,92123,CC(=O)c1ccc(OC2OC(CO)C(O)C(O)C2O)cc1,GOZCEKPKECLKNO-UHFFFAOYSA-N,C14H18O7,298.291,-0.9321,4,7,116.45,4,0,Pass,Antidiabetic / SUR1 Binding,SUR1 (6PZ9) / GLUT1 (4PYP),10.1016/j.sajb.2023.12.006,2024,Phenolic glycoside,Phenolic Compound,South African Journal of Botany,Quantified via HPLC-PDA (8231.61 ng/mg),Verified,0.5,2,1,21,70.8417,0.53047,Pass,1,Fail
AFRO-0047,Epicatechin,Anacardium occidentale,Red Cashew,Anacardiaceae,Root,Nigeria,72276,Oc1cc(O)c2c(c1)O[C@H](c1ccc(O)c(O)c1)[C@H](O)C2,PFTAWBLQPZVEMU-UKRRQHHQSA-N,C15H14O6,290.271,1.5461,5,6,110.38,1,0,Pass,Antidiabetic / High Binding Affinity,"PDX-1 (6F8F), SUR1 (6PZ9), Insulin kinase receptor (3EKK), GLUT1 (4PYP), α-Amylase (1B2Y), α-Glucosidase (2QMJ), Glucokinase (3S41), Glycogen Phosphorylase (4MRA), PDX-1 (6F8F) / GLUT1 (4PYP) / Glucokinase (3S41)",10.1016/j.sajb.2023.12.006,2024,Flavanol,Flavonoid,South African Journal of Botany,"Quantified via HPLC-PDA (22395.55 ng/mg) | CORRECTED: stereo-descriptors were lost during standardization, causing collapse onto Catechin's achiral SMILES; restored (2R,3R)-epicatechin stereochemistry per literature/PubChem CID 72276.",Verified,0.2,3,2,21,72.623,0.509593,Pass,0,Pass
AFRO-0048,Caffeic Acid,Anacardium occidentale,Red Cashew,Anacardiaceae,Root,Nigeria,689043,O=C(O)/C=C/c1ccc(O)c(O)c1,QAIPRVGONGVQAS-DUXPYHPUSA-N,C9H8O4,180.159,1.1956,3,3,77.76,2,0,Pass,Antidiabetic / Synergy,SUR1 (6PZ9) / GLUT1 (4PYP),10.1016/j.sajb.2023.12.006,2024,Phenolic acid,Phenolic Compound,South African Journal of Botany,Quantified via HPLC-PDA (5412.10 ng/mg),Verified,0.0,1,1,13,46.4414,0.471621,Pass,1,Fail
AFRO-0049,Taxifolin,Anacardium occidentale,Red Cashew,Anacardiaceae,Root,Nigeria,439533,O=C1c2c(O)cc(O)cc2OC(c2ccc(O)c(O)c2)C1O,CXQWRCVTCMQVQX-UHFFFAOYSA-N,C15H12O7,304.254,1.1863,5,7,127.45,1,0,Pass,Antidiabetic / Kinase & Enzyme Inhibitor,Insulin Kinase Receptor (3EKK) / Glycogen Phosphorylase (4MRA),10.1016/j.sajb.2023.12.006,2023,Flavanonol,Flavonoid,South African Journal of Botany,Quantified via HPLC-PDA (7478.57 ng/mg,Verified,0.133333,3,2,22,73.2495,0.500531,Pass,0,Pass
AFRO-0050,Ferulic Acid,Anacardium occidentale,Red Cashew,Anacardiaceae,Root,Nigeria,445858,COc1cc(/C=C/C(=O)O)ccc1O,KSEBMYQBYZTDHS-HWKANZROSA-N,C10H10O4,194.186,1.4986,2,3,66.76,3,0,Pass,Antidiabetic / Synergy,SUR1 (6PZ9) / Glucokinase (3S41),10.1016/j.sajb.2023.12.006,2023,Phenolic acid,Phenolic Compound,South African Journal of Botany,Quantified via HPLC-PDA (2.85 ng/mg),Verified,0.1,1,1,14,51.3286,0.71532,Pass,1,Fail
AFRO-0051,Naringenin,Anacardium occidentale,Red Cashew,Anacardiaceae,Root,Nigeria,932,O=C1CC(c2ccc(O)cc2)Oc2cc(O)cc(O)c21,FTVWIRXFELQLPI-UHFFFAOYSA-N,C15H12O5,272.256,2.5099,3,5,86.99,1,0,Pass,Antidiabetic / Multi-target,Insulin Kinase Receptor (3EKK) / SUR1 (6PZ9),10.1016/j.sajb.2023.12.006,2023,Flavanone,Flavonoid,South African Journal of Botany,Quantified via HPLC-PDA (94.86 ng/mg),Verified,0.133333,3,2,20,70.1949,0.742114,Pass,0,Pass
AFRO-0052,Marsectohexol,Gongronema latifolium,"Bushbuck (English), Utazi (Igbo), Madumaro/Arokeke (Yoruba), Utasi (Ibibio/Efik)",Asclepiadaceae,Leaf,Nigeria,15560121,CC(O)C1CCC2(O)C3(O)CC=C4CC(O)CCC4(C)C3C(O)C(O)C12C,ZKHPKHVTGSOEKJ-UHFFFAOYSA-N,C21H34O6,382.497,0.4785,6,6,121.38,1,1,Pass,"α-Amylase inhibitor, blood glucose level reduction","Porcine Pancreatic α-Amylase (PPA), Human Pancreatic α-Amylase (HPA), Human Salivary α-Amylase (HSA)",10.3389/fmolb.2022.866719,2022,Steroidal Pregnane,Steroid,Frontiers in Molecular Biosciences,"Demonstrated an IC50​ of 10.01 μM against porcine pancreatic α-amylase, outperforming reference acarbose (IC50​=13.47 μM).",Verified,0.904762,4,0,27,98.5798,0.366981,Pass,0,Pass
AFRO-0053,Quercetin,Gongronema latifolium,"Bushbuck (English), Utazi (Igbo), Madumaro/Arokeke (Yoruba), Utasi (Ibibio/Efik)",Asclepiadaceae,Leaf,Nigeria,5280343,O=c1c(O)c(-c2ccc(O)c(O)c2)oc2cc(O)cc(O)c12,REFJWTPEDVJJIY-UHFFFAOYSA-N,C15H10O7,302.238,1.988,5,7,131.36,1,0,Pass,"Multi-target T2DM inhibitor, GLP-1R agonist","GSK-3β, GLP-1R, Human Aldose Reductase",10.1007/s42452-021-04880-2,2022,Flavonoid,Flavonoid,SN Applied Sciences,"Docking scores: −13.138 kcal/mol ((GSK-3β)), −12.860 kcal/mol (GLP-1R), −11.687 kcal/mol (Aldose Reductase).",Verified,0.0,3,3,22,76.244,0.43419,Pass,0,Pass
AFRO-0054,Chicoric acid,Gongronema latifolium,"Bushbuck (English), Utazi (Igbo), Madumaro/Arokeke (Yoruba), Utasi (Ibibio/Efik)",Asclepiadaceae,Leaf,Nigeria,5281764,O=C(C=Cc1ccc(O)c(O)c1)OC(C(=O)O)C(OC(=O)C=Cc1ccc(O)c(O)c1)C(=O)O,YDDGKXBLOXEEMN-UHFFFAOYSA-N,C22H18O12,474.374,1.2284,6,10,208.12,9,1,Pass,"Multi-target T2DM inhibitor, GLP-1R agonist","GSK-3β, GLP-1R, Human Aldose Reductase",10.1007/s42452-021-04880-2,2022,Hydroxycinnamic acid,Phenolic Compound,SN Applied Sciences,Exhibited high stability with GLP-1R (ΔG=−62.038 kcal/mol) and high docking scores across all three targets.,Verified,0.090909,2,2,34,112.6428,0.172219,Fail,0,Pass
AFRO-0055,Rosmarinic acid,Gongronema latifolium,"Bushbuck (English), Utazi (Igbo), Madumaro/Arokeke (Yoruba), Utasi (Ibibio/Efik)",Asclepiadaceae,Leaf,Nigeria,5281792,O=C(C=Cc1ccc(O)c(O)c1)OC(Cc1ccc(O)c(O)c1)C(=O)O,DOUMFZQKYFQNTF-UHFFFAOYSA-N,C18H16O8,360.318,1.7613,5,7,144.52,6,0,Pass,Aldose Reductase Inhibitors (ARIs) and Glycogen Synthase Kinase-3 Beta (GSK-3β) Inhibitors,"Human Aldose Reductase, GSK-3β, GLP-1R",10.1007/s42452-021-04880-2,2022,Hydroxycinnamic acid,Phenolic Compound,SN Applied Sciences,Lowest binding energy against Aldose Reductase with an XP glide score of −15.385 kcal/mol.,Verified,0.111111,2,2,26,89.797,0.297648,Fail,0,Pass
AFRO-0056,Moracin P,Morus mesozygia,African Mulberry,Moraceae,Root bark,Nigeria,25208124,CC1(C)Oc2cc3oc(-c4cc(O)cc(O)c4)cc3cc2CC1O,QFUCSEIKNTUPPA-UHFFFAOYSA-N,C19H18O5,326.348,3.5854,3,5,83.06,1,0,Pass,α-glucosidase inhibition; DPP-4 inhibition,"α-glucosidase, DPP-4",10.3389/fphar.2024.1338333,2024,Arylbenzofuran,Phenylpropanoid,Frontiers in Pharmacology,Strong α-glucosidase inhibitor,Verified,0.263158,4,3,24,89.3974,0.636423,Pass,0,Pass
AFRO-0057,Moracin M,Morus mesozygia,African Mulberry,Moraceae,Root bark,Nigeria,185848,Oc1cc(O)cc(-c2cc3ccc(O)cc3o2)c1,LHPRYOJTASOZGJ-UHFFFAOYSA-N,C14H10O4,242.23,3.2166,3,4,73.83,1,0,Pass,α-glucosidase inhibition; DPP-4 inhibition,"α-glucosidase, DPP-4",10.3389/fphar.2024.1338333,2024,Arylbenzofuran,Phenylpropanoid,Frontiers in Pharmacology,Isolated from root bark extract,Verified,0.0,3,3,18,66.6444,0.612151,Pass,1,Fail
AFRO-0058,S-methylcysteinesulfoxide (SMCS),Allium cepa,Onion,Alliaceae,Bulb,Nigeria,82142,CS(=O)CC(N)C(=O)O,ZZLHPCSGGOGHFW-UHFFFAOYSA-N,C4H9NO3S,151.187,-1.2232,2,3,80.39,3,0,Pass,"Antidiabetic, insulin secretagogue","Pancreatic β-cells, liver insulin-inactivating sites",10.4172/2155-6156.1000546,2015,Organosulfur / Amino acid derivative,Organosulfur Compound,Journal of Diabetes & Metabolism,Stimulates insulin secretion; competes with insulin for liver inactivating sites.,Verified,0.75,0,0,9,34.5446,0.529333,Pass,4,Fail
AFRO-0059,S-allylcysteinesulfoxide (SACS),Allium sativum,Garlic,Alliaceae,Clove,Nigeria,121922,C=CCS(=O)CC(N)C(=O)O,XUHLIQGRKRUKPH-UHFFFAOYSA-N,C6H11NO3S,177.225,-0.667,2,3,80.39,5,0,Pass,"Antidiabetic, antioxidant, gluconeogenesis inhibitor","Hepatic gluconeogenic enzymes, pancreatic β-cells",10.4172/2155-6156.1000546,2015,Organosulfur / Amino acid derivative,Organosulfur Compound,Journal of Diabetes & Metabolism,Inhibits gluconeogenesis and lipid peroxidation; precursor of allicin.,Verified,0.5,0,0,11,43.6846,0.545837,Pass,2,Fail
AFRO-0060,Lophenol,Aloe vera,Aloe vera,Asphodelaceae,Leaf gel; pulp,Nigeria,160482,CC(C)CCCC(C)C1CCC2C3=CCC4C(C)C(O)CCC4(C)C3CCC21C,LMYZQUNLYGJIHI-UHFFFAOYSA-N,C28H48O,400.691,7.6347,1,1,20.23,5,1,Pass,"Antidiabetic, blood glucose lowering","Pancreatic β-cells, carbohydrate metabolizing enzymes",10.4172/2155-6156.1000546,2015,Phytosterol,Steroid,Journal of Diabetes & Metabolism,Causes significant reduction in HbA1c levels.,Verified,0.928571,4,0,29,123.5998,0.470129,Pass,1,Fail
AFRO-0061,Catharanthine,Catharanthus roseus,Madagascar Periwinkle,Apocynaceae,Fresh leaf juice,Nigeria; UK,5458190,CCC1=CC2CN3CCc4c([nH]c5ccccc45)C(C(=O)OC)(C2)C13,CMKFQVZJOWHHDV-UHFFFAOYSA-N,C21H24N2O2,336.435,3.1753,1,3,45.33,2,0,Pass,"Hypoglycemic, antidiabetic",Hepatic glucose metabolizing enzymes,10.4172/2155-6156.1000546,2015,Terpenoid Indole Alkaloid,Alkaloid,Journal of Diabetes & Metabolism,Increases hepatic utilization of glucose.,Verified,0.47619,6,2,25,97.5387,0.676673,Pass,0,Pass
AFRO-0062,Vindoline,Catharanthus roseus,Madagascar Periwinkle,Apocynaceae,Fresh leaf juice,Nigeria; UK,260535,CCC12C=CCN3CCC4(c5ccc(OC)cc5N(C)C4C(O)(C(=O)OC)C1OC(C)=O)C32,CXBGOBGJHGGWIE-UHFFFAOYSA-N,C25H32N2O6,456.539,1.6413,1,8,88.54,4,0,Pass,"Hypoglycemic, antidiabetic","Hepatic glycogen synthase, G6PDH",10.4172/2155-6156.1000546,2015,Terpenoid Indole Alkaloid,Alkaloid,Journal of Diabetes & Metabolism,Suppresses gluconeogenic enzymes.,Verified,0.6,5,1,33,121.2248,0.540537,Pass,0,Pass
AFRO-0063,Cinnamaldehyde,Cinnamomum cassia,Chinese cinnamon,Lauraceae,Bark,Nigeria,637511,O=CC=Cc1ccccc1,KJPRLNWUNMBNBZ-UHFFFAOYSA-N,C9H8O,132.162,1.8987,0,1,17.07,2,0,Pass,"Insulin mimetic, antidiabetic","3T3-L1 Adipocytes, insulin pathways",10.4172/2155-6156.1000546,2015,Phenylpropanoid,Phenylpropanoid,Journal of Diabetes & Metabolism,Enhances insulin action and increases glucose uptake.,Verified,0.0,1,1,10,41.54,0.443369,Pass,2,Fail
AFRO-0064,Beta-Sitosterol,Coccinia indica,Ivy gourd,Cucurbitaceae,Leaves,Nigeria,222284,CCC(CCC(C)C1CCC2C3CC=C4CC(O)CCC4(C)C3CCC12C)C(C)C,KZJWDPNRJALLNS-UHFFFAOYSA-N,C29H50O,414.718,8.0248,1,1,20.23,6,1,Pass,Hypoglycemic,"Glucose-6-phosphatase, glycogen synthase",10.4172/2155-6156.1000546,2015,Phytosterol,Steroid,Journal of Diabetes & Metabolism,Suppresses key gluconeogenic enzymes.,Verified,0.931034,4,0,30,128.2168,0.436096,Pass,1,Fail
AFRO-0065,Leucopelargonidin derivative,Ficus bengalensis,Indian Banyan tree,Moraceae,Bark; leaves,Nigeria,282014,Oc1ccc(C2Oc3cc(O)cc(O)c3CC2O)cc1,RSYUFYQTACJFML-UHFFFAOYSA-N,C15H14O5,274.272,1.8405,4,5,90.15,1,0,Pass,"Hypoglycemic, insulin secretagogue","Pancreatic β-cells, insulinase",10.4172/2155-6156.1000546,2015,"Flavonoid / Flavan-3,4-diol",Flavonoid,Journal of Diabetes & Metabolism,Stimulates insulin secretion and inhibits insulinase activity.,Verified,0.2,3,2,20,70.9582,0.63681,Pass,0,Pass
AFRO-0066,Charantin (β-sitosteryl glucoside constituent),Momordica charantia,Bitter Melon,Cucurbitaceae,"Fruit pulp, seeds",Nigeria,5742590,CCC(CCC(C)C1CCC2C3CC=C4CC(OC5OC(CO)C(O)C(O)C5O)CCC4(C)C3CCC12C)C(C)C,NPJICTMALKLTFW-UHFFFAOYSA-N,C35H60O6,576.859,5.849,4,6,99.38,9,2,Fail,"Hypoglycemic, antidiabetic","Pancreatic β-cells, gluconeogenic enzymes",10.4172/2155-6156.1000546,2015,Steroidal Saponin Glycoside,Steroid,Journal of Diabetes & Metabolism,Charantin 1:1 constituent (β-sitosteryl glucoside),Verified,0.942857,5,0,41,160.8502,0.257173,Pass,3,Fail
AFRO-0067,Charantin (Stigmasteryl glucoside constituent),Momordica charantia,Bitter Melon,Cucurbitaceae,"Fruit pulp, seeds",Nigeria,6602508,CCC(C=CC(C)C1CCC2C3CC=C4CC(OC5OC(CO)C(O)C(O)C5O)CCC4(C)C3CCC12C)C(C)C,VWDLOXMZIGUBKM-UHFFFAOYSA-N,C35H58O6,574.843,5.625,4,6,99.38,8,2,Fail,"Hypoglycemic, antidiabetic","Pancreatic β-cells, gluconeogenic enzymes",10.4172/2155-6156.1000546,2015,Steroidal Saponin Glycoside,Steroid,Journal of Diabetes & Metabolism,Charantin 1:1 constituent (Stigmasteryl glucoside),Verified,0.885714,5,0,41,160.7562,0.280801,Pass,3,Fail
AFRO-0068,Charantin (β-sitosteryl glucoside constituent),Momordica cymbalaria,Bitter Melon,Cucurbitaceae,"Fruit pulp, seeds",Nigeria,5742590,CCC(CCC(C)C1CCC2C3CC=C4CC(OC5OC(CO)C(O)C(O)C5O)CCC4(C)C3CCC12C)C(C)C,NPJICTMALKLTFW-UHFFFAOYSA-N,C35H60O6,576.859,5.849,4,6,99.38,9,2,Fail,"Hypoglycemic, antidiabetic","Pancreatic β-cells, gluconeogenic enzymes",10.4172/2155-6156.1000546,2015,Steroidal Saponin Glycoside,Steroid,Journal of Diabetes & Metabolism,Charantin 1:1 constituent (β-sitosteryl glucoside),Verified,0.942857,5,0,41,160.8502,0.257173,Pass,3,Fail
AFRO-0069,Charantin (Stigmasteryl glucoside constituent),Momordica cymbalaria,Bitter Melon,Cucurbitaceae,"Fruit pulp, seeds",Nigeria,6602508,CCC(C=CC(C)C1CCC2C3CC=C4CC(OC5OC(CO)C(O)C(O)C5O)CCC4(C)C3CCC12C)C(C)C,VWDLOXMZIGUBKM-UHFFFAOYSA-N,C35H58O6,574.843,5.625,4,6,99.38,8,2,Fail,"Hypoglycemic, antidiabetic","Pancreatic β-cells, gluconeogenic enzymes",10.4172/2155-6156.1000546,2015,Steroidal Saponin Glycoside,Steroid,Journal of Diabetes & Metabolism,Charantin 1:1 constituent (Stigmasteryl glucoside),Verified,0.885714,5,0,41,160.7562,0.280801,Pass,3,Fail
AFRO-0070,Senegin-II,Polygala senega,Seneca snakeroot,Polygalaceae,Rhizomes,Nigeria,11953920,COc1ccc(C=CC(=O)OC2C(C)OC(OC(=O)C34CCC(C)(C)CC3C3=CCC5C6(C)CC(O)C(OC7OC(CO)C(O)C(O)C7O)C(C)(C(=O)O)C6CCC5(C)C3(CO)CC4)C(OC3OC(C)C(OC4OCC(OC5OC(CO)C(O)C(O)C5O)C(O)C4O)C(O)C3O)C2O)cc1OC,MNXFXXWQAAMVMW-UHFFFAOYSA-N,C70H104O32,1457.57,-2.2274,16,31,494.88,19,3,Fail,"Antidiabetic, insulin sensitizer",Liver glucose output pathways,10.4172/2155-6156.1000546,2015,Triterpenoid Saponin Glycoside,Saponin,Journal of Diabetes & Metabolism,Decreases hepatic glucose output without altering plasma insulin concentration.,Verified,0.814286,11,1,102,343.8248,0.030168,Fail,4,Fail
AFRO-0071,Epicatechin,Pterocarpus marsupium,Indian Kino,Fabaceae,Bark,Nigeria,72276,Oc1cc(O)c2c(c1)O[C@H](c1ccc(O)c(O)c1)[C@H](O)C2,PFTAWBLQPZVEMU-UKRRQHHQSA-N,C15H14O6,290.271,1.5461,5,6,110.38,1,0,Pass,"Antidiabetic, β-cell regenerator",Functional pancreatic β-cells,10.4172/2155-6156.1000546,2015,Flavan-3-ol / Tannin,Flavonoid,Journal of Diabetes & Metabolism,"Prevents β-cell damage and regenerates functional pancreatic islets. | CORRECTED: stereo-descriptors were lost during standardization, causing collapse onto Catechin's achiral SMILES; restored (2R,3R)-epicatechin stereochemistry per literature/PubChem CID 72276.",Verified,0.2,3,2,21,72.623,0.509593,Pass,0,Pass
AFRO-0072,Pterostilbene,Pterocarpus marsupium,Indian Kino,Fabaceae,Bark,Nigeria,5281727,COc1cc(C=Cc2ccc(O)cc2)cc(OC)c1,VLEUZFDZJKSGMX-UHFFFAOYSA-N,C16H16O3,256.301,3.5798,1,3,38.69,4,0,Pass,"Antidiabetic, antioxidant",Pancreatic β-cells,10.4172/2155-6156.1000546,2015,Stilbenoid / Flavonoid,Flavonoid,Journal of Diabetes & Metabolism,Enhances insulin secretion.,Verified,0.125,2,2,19,76.5808,0.849668,Pass,1,Fail
AFRO-0073,Mycaminose,Syzygium cumini,Java Plum,Myrtaceae,Seeds; leaves; fruit pulp,Nigeria,160504,CC(O)C(O)C(C(O)C=O)N(C)C,IJUPCLYLISRDRA-UHFFFAOYSA-N,C8H17NO4,191.227,-1.7819,3,5,81.0,5,0,Pass,"Hypoglycemic, peripheral glucose utilization activator",Peripheral glucose utilization kinases,10.4172/2155-6156.1000546,2015,Amino Sugar Glycoside,Carbohydrate,Journal of Diabetes & Metabolism,Stimulates kinases involved in peripheral glucose utilization.,Verified,0.875,0,0,13,47.2334,0.447507,Pass,2,Fail
AFRO-0074,Trigonelline,Trigonella foenum-graecum,Fenugreek,Fabaceae,Seeds,Nigeria,5570,C[n+]1cccc(C(=O)[O-])c1,WWNNZCOKKKDOPX-UHFFFAOYSA-N,C7H7NO2,137.138,-1.1254,0,2,44.01,1,0,Pass,"Antidiabetic, insulin secretagogue","Pancreatic β-cells, intestinal disaccharidases",10.4172/2155-6156.1000546,2015,Pyridine Alkaloid,Alkaloid,Journal of Diabetes & Metabolism,Delays carbohydrate digestion/absorption and increases glucose-induced insulin secretion.,Verified,0.142857,1,1,10,31.9485,0.459811,Pass,4,Fail
AFRO-0075,4-Hydroxyisoleucine,Trigonella foenum-graecum,Fenugreek,Fabaceae,Seeds,Nigeria,2773624,CC(O)C(C)C(N)C(=O)O,OSCCDBFHNMXNME-UHFFFAOYSA-N,C6H13NO3,147.174,-0.5848,3,3,83.55,3,0,Pass,Insulin secretagogue,Pancreatic β-cells,10.4172/2155-6156.1000546,2015,Non-protein Amino Acid,Amino Acid Derivative,Journal of Diabetes & Metabolism,Stimulates glucose-dependent insulin secretion.,Verified,0.833333,0,0,10,36.456,0.498148,Pass,4,Fail
AFRO-0076,2-Hydroxygenistein,Cajanus cajan,Pigeon pea,Fabaceae,Leaf; root; seed,Nigeria; Ghana; Kenya,5282074,C1=CC(=C(C=C1O)O)C2=COC3=CC(=CC(=C3C2=O)O)O,GSSOWCUOWLMMRJ-UHFFFAOYSA-N,C15H10O6,286.239,2.2824,4,6,111.13,1,0,Pass,Regulation of glucose metabolism,AKR1B1 (-9.1 kcal/mol),10.3390/molecules24102002,2019,Isoflavone,Flavonoid,Molecules (MDPI),Predicted active compound with favorable ADMET properties. | CORRECTED: structure was previously duplicated from Kaempferol (data entry error); replaced with verified 2'-hydroxygenistein structure (PubChem CID 5282074). Descriptors (MW/LogP/HBD/HBA/TPSA/RB/MR/Fraction_CSP3/Ring_Count/QED) must be recalculated in RDKit.,Verified,0.0,3,3,21,74.5792,0.545851,Pass,0,Pass
AFRO-0077,Apigenin,Cajanus cajan,Pigeon pea,Fabaceae,Leaf; root; seed,Nigeria; Ghana; Kenya,5280443,O=c1cc(-c2ccc(O)cc2)oc2cc(O)cc(O)c12,KZNIFHPLKGYRTM-UHFFFAOYSA-N,C15H10O5,270.24,2.5768,3,5,90.9,1,0,Pass,"Regulation of insulin secretion, glucose metabolism, and lipid metabolism","AKR1B1 (-9.1), HSD11B1 (-9.0), RBP4 (-9.9), RXRA (-9.1 kcal/mol)",10.3390/molecules24102002,2019,Flavonoid,Flavonoid,Molecules (MDPI),Multi-target anti-diabetic compound with favorable ADMET properties.,Verified,0.0,3,3,20,72.9144,0.631833,Pass,0,Pass
AFRO-0078,Cyanidin,Rhoicissus tridentata,Bushman's grape,Vitaceae,Root; tuber; fruit,South Africa; Zimbabwe; Mozambique,128861,Oc1cc(O)c2cc(O)c(-c3ccc(O)c(O)c3)[o+]c2c1,VEVZSMAEJFVWIL-UHFFFAOYSA-O,C15H11O6+,287.247,2.9089,5,5,112.45,1,0,Pass,Regulation of insulin secretion and glucose metabolism,"AKR1B1 (-9.1), HSD11B1 (-9.5), RBP4 (-9.2 kcal/mol)",10.3390/molecules24102002,2019,Anthocyanidin,Flavonoid,Molecules (MDPI),Multi-target compound with favorable ADMET profile.,Verified,0.0,3,3,21,74.381,0.347287,Pass,0,Pass
AFRO-0079,Eburnamonine,Vinca minor,Lesser periwinkle,Apocynaceae,Leaf; aerial parts,South Africa; Algeria; Morocco,92112,CCC12CCCN3CCc4c(n(c5ccccc45)C(=O)C1)C32,WYJAPUKIYAZSEM-UHFFFAOYSA-N,C19H22N2O,294.398,3.7746,0,2,25.24,1,0,Pass,"Regulation of insulin secretion, glucose metabolism, and lipid metabolism","AKR1B1 (-9.4), HSD11B1 (-9.2), PPARD (-9.3), RBP4 (-9.4 kcal/mol)",10.3390/molecules24102002,2019,Indole Alkaloid,Alkaloid,Molecules (MDPI),Multi-target compound with experimental anti-diabetic evidence.,Verified,0.526316,5,2,22,87.1575,0.799584,Pass,0,Pass
AFRO-0080,Ergine,Ipomoea purpurea,Common morning glory,Convolvulaceae,Seed; leaf,South Africa; Kenya; Ethiopia; Nigeria,442072,CN1CC(C(N)=O)C=C2c3cccc4[nH]cc(c34)CC21,GENAHGKEFJLNJB-UHFFFAOYSA-N,C16H17N3O,267.332,1.5229,2,2,62.12,1,0,Pass,Regulation of insulin secretion,"HSD11B1 (-9.5), RBP4 (-9.4 kcal/mol)",10.3390/molecules24102002,2019,Ergot Alkaloid,Alkaloid,Molecules (MDPI),Dual-target compound with favorable ADMET properties.,Verified,0.3125,4,2,20,79.0821,0.822661,Pass,0,Pass
AFRO-0081,Eriodictyol,Cyclopia intermedia,Honeybush,Fabaceae,Leaf; stem,South Africa,440735,O=C1CC(c2ccc(O)c(O)c2)Oc2cc(O)cc(O)c21,SBHXYTNGIZCORC-UHFFFAOYSA-N,C15H12O6,288.255,2.2155,4,6,107.22,1,0,Pass,Regulation of insulin secretion,"HSD11B1 (-9.2), RBP4 (-9.5 kcal/mol)",10.3390/molecules24102002,2019,Flavanone,Flavonoid,Molecules (MDPI),Predicted active compound with favorable ADMET properties.,Verified,0.133333,3,2,21,71.8597,0.599271,Pass,0,Pass
AFRO-0082,Erythraline,Erythrina caffra,"Coast coral tree, Common coral tree",Fabaceae,Seed; bark; leaf,South Africa; Eswatini; Mozambique,5317205,COC1C=CC2=CCN3CCc4cc5c(cc4C23C1)OCO5,TVOFUERNMZTYRM-UHFFFAOYSA-N,C18H19NO3,297.354,2.3836,0,4,30.93,1,0,Pass,Regulation of insulin secretion and glucose metabolism,"AKR1B1 (-9.0), GCK (-9.8), RBP4 (-9.0 kcal/mol)",10.3390/molecules24102002,2019,Erythrina Alkaloid,Alkaloid,Molecules (MDPI),Novel potential multi-targeted anti-diabetic lead candidate.,Verified,0.444444,5,1,22,82.157,0.7962,Pass,0,Pass
AFRO-0083,Erythraline,Erythrina lysistemon,"Coast coral tree, Common coral tree",Fabaceae,Seed; bark; leaf,South Africa; Eswatini; Mozambique,5317205,COC1C=CC2=CCN3CCc4cc5c(cc4C23C1)OCO5,TVOFUERNMZTYRM-UHFFFAOYSA-N,C18H19NO3,297.354,2.3836,0,4,30.93,1,0,Pass,Regulation of insulin secretion and glucose metabolism,"AKR1B1 (-9.0), GCK (-9.8), RBP4 (-9.0 kcal/mol)",10.3390/molecules24102002,2019,Erythrina Alkaloid,Alkaloid,Molecules (MDPI),Novel potential multi-targeted anti-diabetic lead candidate.,Verified,0.444444,5,1,22,82.157,0.7962,Pass,0,Pass
AFRO-0084,"Furanoeudesma-1,3-diene",Commiphora myrrha,Myrrh tree,Burseraceae,"Resin, bark",Somalia; Ethiopia; Kenya,13874240,CC1=CC=CC2(C)Cc3occ(C)c3CC12,AUSAHAHDEVYCOC-UHFFFAOYSA-N,C15H18O,214.308,3.8252,0,1,13.14,0,0,Pass,Regulation of insulin secretion,RBP4 (-9.0 kcal/mol),10.3390/molecules24102002,2019,Sesquiterpenoid,Terpenoid,Molecules (MDPI),Predicted active compound with favorable ADMET properties.,Verified,0.466667,3,1,16,65.347,0.639485,Pass,1,Fail
AFRO-0085,Hautriwaic acid,Dodonaea angustifolia,Sand olive,Sapindaceae,Leaf; stem bark,South Africa; Kenya; Ethiopia; Tanzania,12310372,CC1CCC2(CO)C(C(=O)O)=CCCC2C1(C)CCc1ccoc1,PHKSUFCCGLWIMC-UHFFFAOYSA-N,C20H28O4,332.44,4.0481,2,3,70.67,5,0,Pass,Regulation of glucose metabolism,AKR1B1 (-9.3 kcal/mol),10.3390/molecules24102002,2019,Diterpenoid,Terpenoid,Molecules (MDPI),Predicted active compound with favorable ADMET properties.,Verified,0.65,3,1,24,91.4956,0.853213,Pass,0,Pass
AFRO-0086,Ibozol,Tetradenia riparia,"Misty plume bush, Ginger bush",Lamiaceae,"Leaf, shoot",South Africa; Mozambique; Zimbabwe; Rwanda,5458584,CC(C)C1(O)CCC2=C(C1)C(O)CC1C(C)(C)CCCC21C,NEEOTTWPJHYJMS-UHFFFAOYSA-N,C20H34O2,306.49,4.4512,2,2,40.46,1,0,Pass,Regulation of glucose metabolism,GCK (-9.7 kcal/mol),10.3390/molecules24102002,2019,Diterpenoid,Terpenoid,Molecules (MDPI),Glucokinase-targeted hit with favorable ADMET properties.,Verified,0.9,3,0,22,90.5176,0.702595,Pass,0,Pass
AFRO-0087,Integerrimine,Lotononis laxa,Yellow lotononis,Fabaceae,"Aerial parts, leaf",South Africa; Namibia; Botswana,5281733,CC=C1CC(C)C(C)(O)C(=O)OCC2=CCN3CCC(OC1=O)C23,HKODIGSRFALUTA-UHFFFAOYSA-N,C18H25NO5,335.4,1.1928,1,6,76.07,0,0,Pass,Regulation of insulin secretion and lipid metabolism,"HSD11B1 (-9.1), PPARD (-9.3 kcal/mol)",10.3390/molecules24102002,2019,Pyrrolizidine Alkaloid,Alkaloid,Molecules (MDPI),Dual-target compound with favorable ADMET properties.,Verified,0.666667,3,0,24,87.0618,0.40712,Pass,0,Pass
AFRO-0088,Lapachol,Kigelia africana,Sausage tree,Bignoniaceae,"Bark, fruit, root",Nigeria; Ghana; Kenya; South Africa; Tanzania,3884,CC(C)=CCC1=C(O)c2ccccc2C(=O)C1=O,CWPGNVFCJOPXFB-UHFFFAOYSA-N,C15H14O3,242.274,3.0774,1,3,54.37,2,0,Pass,Regulation of glucose metabolism,AKR1B1 (-9.2 kcal/mol),10.3390/molecules24102002,2019,Naphthoquinone,Quinone,Molecules (MDPI),Compound with experimental anti-diabetic evidence.,Verified,0.2,2,1,18,69.3763,0.640133,Pass,1,Fail
AFRO-0089,N-methylflindersine,Toddalia asiatica,Orange climber,Rutaceae,"Root bark, leaf",Kenya; Tanzania; Uganda; South Africa; Nigeria,72819,Cn1c(=O)c2c(c3ccccc31)OC(C)(C)C=C2,RJZFGBNKPOVCHQ-UHFFFAOYSA-N,C15H15NO2,241.29,2.7227,0,2,31.23,0,0,Pass,Regulation of insulin secretion and glucose metabolism,"AKR1B1 (-9.2), RBP4 (-9.5 kcal/mol)",10.3390/molecules24102002,2019,Quinoline Alkaloid,Alkaloid,Molecules (MDPI),Dual-target compound with favorable ADMET properties.,Verified,0.266667,3,2,18,72.93,0.709797,Pass,1,Fail
AFRO-0090,Platyphylline,Senecio serratuloides,Two-color ragwort,Asteraceae,"Leaf, root, flower",South Africa; Eswatini,5281742,CC=C1CC(C)C(C)(O)C(=O)OCC2CCN3CCC(OC1=O)C23,BTHCJHQOYFUIMG-UHFFFAOYSA-N,C18H27NO5,337.416,1.2727,1,6,76.07,0,0,Pass,Regulation of insulin secretion and lipid metabolism,"HSD11B1 (-9.4), PPARD (-9.3 kcal/mol)",10.3390/molecules24102002,2019,Pyrrolizidine Alkaloid,Alkaloid,Molecules (MDPI),Dual-target compound with favorable ADMET properties.,Verified,0.777778,3,0,24,87.0858,0.529916,Pass,0,Pass
AFRO-0091,Rhinocerotinoic acid,Elytropappus rhinocerotis,Renosterbos,Asteraceae,"Leaf, twig",South Africa,75411923,CC(=CC(=O)O)CCC1=C(C)C(=O)CC2C(C)(C)CCCC12C,MSLXIYYWGHOJNU-UHFFFAOYSA-N,C20H30O3,318.457,4.9194,1,2,54.37,4,0,Pass,Regulation of insulin secretion,"HSD11B1 (-9.2), RBP4 (-9.9 kcal/mol)",10.3390/molecules24102002,2019,Diterpenoid,Terpenoid,Molecules (MDPI),Dual-target compound with favorable ADMET properties.,Verified,0.7,2,0,23,92.1798,0.748525,Pass,0,Pass
AFRO-0092,Valerenic acid,Valeriana capensis,Cape valerian,Valerianaceae,Root; rhizome,South Africa; Lesotho; Malawi,6440940,CC(=CC1CCC(C)C2CCC(C)=C12)C(=O)O,FEBNTWHYQKGEIQ-UHFFFAOYSA-N,C15H22O2,234.339,3.7899,1,1,37.3,2,0,Pass,Regulation of glucose metabolism,AKR1B1 (-9.0 kcal/mol),10.3390/molecules24102002,2019,Sesquiterpenoid,Terpenoid,Molecules (MDPI),Predicted active compound with favorable ADMET properties.,Verified,0.666667,2,0,17,68.7048,0.582739,Pass,1,Fail
AFRO-0093,Voaphylline,Voacanga africana,Voacanga tree,Apocynaceae,"Bark, root, leaf",Ghana; Nigeria; Ivory Coast; Cameroon,10469868,CCC12CCc3[nH]c4ccccc4c3CCN(CC3OC31)C2,OGDFTQDRHAGLTB-UHFFFAOYSA-N,C19H24N2O,296.414,3.136,1,2,31.56,1,0,Pass,"Regulation of insulin secretion, glucose metabolism, and lipid metabolism","AMY2A (-9.0), DPP4 (-9.6), GCK (-9.1), HSD11B1 (-9.3), PPARD (-9.1), PPARG (-9.8), RBP4 (-9.2 kcal/mol)",10.3390/molecules24102002,2019,Indole Alkaloid,Alkaloid,Molecules (MDPI),Novel multi-targeted lead active across 7 diabetes targets.,Verified,0.578947,5,2,22,88.1487,0.819853,Pass,0,Pass
AFRO-0094,Withasomnine,Voacanga africana,Voacanga tree,Apocynaceae,Root; bark; leaf,Ghana; Nigeria; Ivory Coast; Cameroon,442877,c1ccc(-c2cnn3c2CCC3)cc1,FOJCJLSJZFQCID-UHFFFAOYSA-N,C12H12N2,184.242,2.4963,0,1,17.82,1,0,Pass,Regulation of insulin secretion,FFAR1 (-9.1 kcal/mol),10.3390/molecules24102002,2019,Pyrazole Alkaloid,Alkaloid,Molecules (MDPI),Potential FFAR1 agonist with favorable ADMET properties.,Verified,0.25,3,2,14,55.984,0.665451,Pass,1,Fail
AFRO-0095,Aspalathin,Aspalathus linearis,Rooibos,Fabaceae,Leaf,South Africa,11282394,O=C(CCc1ccc(O)c(O)c1)c1c(O)cc(O)c(C2OC(CO)C(O)C(O)C2O)c1O,VCPUQYKWJRESOC-UHFFFAOYSA-N,C21H24O11,452.412,-0.455,9,11,208.37,6,2,Fail,Reported antidiabetic activity,Multiple diabetes targets,10.3390/molecules24102002,2019,Flavonoid,Flavonoid,Literature + DIA-DB study,Identified as bioactive antidiabetic constituent,Verified,0.380952,3,2,32,106.5797,0.202319,Fail,1,Fail
AFRO-0096,Isoorientin,Aspalathus linearis,Rooibos,Fabaceae,Leaf,South Africa,114776,O=c1cc(-c2ccc(O)c(O)c2)oc2cc(O)c(C3OC(CO)C(O)C(O)C3O)c(O)c12,ODBRNZZJSYPIDI-UHFFFAOYSA-N,C21H20O11,448.38,-0.2027,8,11,201.28,3,2,Fail,Reported antidiabetic activity,Multiple diabetes targets,10.3390/molecules24102002,2019,Flavonoid,Flavonoid,Literature + DIA-DB study,Reported in Rooibos antidiabetic studies,Verified,0.285714,4,3,32,107.2994,0.246555,Fail,0,Pass
AFRO-0097,Orientin,Aspalathus linearis,Rooibos,Fabaceae,Leaf,South Africa,5281675,O=c1cc(-c2ccc(O)c(O)c2)oc2c(C3OC(CO)C(O)C(O)C3O)c(O)cc(O)c12,PLAPMLGJVGLZOV-UHFFFAOYSA-N,C21H20O11,448.38,-0.2027,8,11,201.28,3,2,Fail,Reported antidiabetic activity,Multiple diabetes targets,10.3390/molecules24102002,2019,Flavonoid,Flavonoid,Literature + DIA-DB study,Identified as active constituent,Verified,0.285714,4,3,32,107.2994,0.246555,Fail,0,Pass
AFRO-0098,Cryptolepine,Cryptolepis sanguinolenta,Ghana quinine,Apocynaceae,Root,Ghana,82143,Cn1c2c3ccccc3nc-2cc2ccccc21,KURWKDDWCJELSV-UHFFFAOYSA-N,C16H12N2,232.286,3.8313,0,1,17.82,0,0,Pass,Reported antidiabetic activity,Multiple diabetes targets,10.3390/molecules24102002,2019,Indoloquinoline Alkaloid,Alkaloid,Literature + DIA-DB study,Identified as active constituent,Verified,0.0625,4,2,18,74.842,0.450262,Pass,1,Fail
AFRO-0099,Chlorogenic Acid,Vernonia amygdalina,Bitter Leaf,Asteraceae,Leaf,Nigeria,1794427,O=C(C=Cc1ccc(O)c(O)c1)OC1CC(O)(C(=O)O)CC(O)C1O,CWVRJTMFETXNAD-UHFFFAOYSA-N,C16H18O9,354.311,-0.6459,6,8,164.75,4,1,Pass,Reported antidiabetic activity,Multiple diabetes targets,10.3390/molecules24102002,2019,Phenolic Acid,Phenolic Compound,Literature + DIA-DB study,Active constituent of V. amygdalina,Verified,0.375,2,1,25,82.5188,0.234085,Fail,1,Fail
AFRO-0100,Vanillin,Momordica balsamina,Momordica balsamina Linn,Cucurbitaceae,Leaf,South Africa,1183,COc1cc(C=O)ccc1O,MWOOGOJBHIARFG-UHFFFAOYSA-N,C8H8O3,152.149,1.2133,1,3,46.53,2,0,Pass,Antidiabetic / Enzyme inhibition,α-Glucosidase,10.3390/cimb48050503,2026,Phenolic aldehyde,Phenolic Compound,GC-MS,Identified in DCM leaf extract,Verified,0.125,1,1,11,40.0463,0.647744,Pass,2,Fail
AFRO-0101,"2,4-di-tert-butylphenol",Momordica balsamina,Momordica balsamina Linn,Cucurbitaceae,Leaf,South Africa,7311,CC(C)(C)c1ccc(O)c(C(C)(C)C)c1,ICKWICRCANNIBI-UHFFFAOYSA-N,C14H22O,206.329,3.9872,1,1,20.23,0,0,Pass,Antidiabetic / Enzyme inhibition / Anti-inflammatory,α-Amylase,10.3390/cimb48050503,2026,Phenol derivative,Phenolic Compound,GC-MS,Identified in DCM leaf extract,Verified,0.571429,1,1,15,65.5068,0.68025,Pass,1,Fail
AFRO-0102,Tetratriacontane,Momordica balsamina,Momordica balsamina Linn,Cucurbitaceae,Leaf,South Africa,26519,CCCCCCCCCCCCCCCCCCCCCCCCCCCCCCCCCC,GWVDBZWVFGFBCN-UHFFFAOYSA-N,C34H70,478.934,13.5094,0,0,0.0,31,1,Pass,Antidiabetic / Enzyme inhibition,"α-Amylase, α-Glucosidase",10.3390/cimb48050503,2026,Saturated alkane / Hydrocarbon,Lipid,GC-MS,Identified in Hexane leaf extract,Verified,1.0,0,0,34,159.092,0.086854,Fail,2,Fail
AFRO-0103,Propylene glycol,Momordica balsamina,Momordica balsamina Linn,Cucurbitaceae,Leaf,South Africa,1030,CC(O)CO,DNIAPMSPPWPWGF-UHFFFAOYSA-N,C3H8O2,76.095,-0.6405,2,2,40.46,1,0,Pass,Antidiabetic / Enzyme inhibition,α-Glucosidase,10.3390/cimb48050503,2026,Diol / Alcohol,Lipid,GC-MS,Identified in Ethyl acetate leaf extract,Verified,1.0,0,0,5,18.7666,0.435835,Pass,4,Fail
AFRO-0104,Oleic acid,Momordica balsamina,Momordica balsamina Linn,Cucurbitaceae,Leaf,South Africa,445639,CCCCCCCCC=CCCCCCCCC(=O)O,ZQPPMHVWECSIRJ-UHFFFAOYSA-N,C18H34O2,282.468,6.1085,1,1,37.3,15,1,Pass,Antidiabetic / Glucose uptake enhancement,IRS1 / PI3K signaling pathway,10.3390/cimb48050503,2026,Monounsaturated fatty acid,Lipid,GC-MS,Identified in Ethyl acetate leaf extract,Verified,0.833333,0,0,20,87.0878,0.290517,Fail,1,Fail
AFRO-0105,Phytol,Momordica balsamina,Momordica balsamina Linn,Cucurbitaceae,Leaf,South Africa,5280435,CC(=CCO)CCCC(C)CCCC(C)CCCC(C)C,BOTWFXYSPFMFNR-UHFFFAOYSA-N,C20H40O,296.539,6.3641,1,1,20.23,13,1,Pass,Antidiabetic / Insulin sensitivity,PPAR-γ,10.3390/cimb48050503,2026,Diterpene alcohol,Terpenoid,GC-MS,Identified in Ethyl acetate leaf extract,Verified,0.9,0,0,21,95.5618,0.391756,Fail,1,Fail
AFRO-0106,Octadecanoic acid,Momordica balsamina,Momordica balsamina Linn,Cucurbitaceae,Leaf,South Africa,5281,CCCCCCCCCCCCCCCCCC(=O)O,QIQXTHQIDYTFRH-UHFFFAOYSA-N,C18H36O2,284.484,6.3325,1,1,37.3,16,1,Pass,Antidiabetic / Insulin signaling enhancement,PTP1B,10.3390/cimb48050503,2026,Saturated fatty acid,Lipid,GC-MS,Identified in Ethyl acetate leaf extract,Verified,0.944444,0,0,20,87.1818,0.336042,Fail,1,Fail
AFRO-0107,n-Hexadecenoic acid,Momordica balsamina,Momordica balsamina Linn,Cucurbitaceae,Leaf,South Africa,985,CCCCCCCCCCCCCCCC(=O)O,IPCSVZSSVZVIGE-UHFFFAOYSA-N,C16H32O2,256.43,5.5523,1,1,37.3,14,1,Pass,Antidiabetic / Enzyme inhibition,"α-Amylase, α-Glucosidase",10.3390/cimb48050503,2026,Saturated fatty acid,Lipid,GC-MS,Identified in DCM and Ethyl acetate leaf extracts,Verified,0.9375,0,0,18,77.9478,0.41349,Fail,1,Fail
AFRO-0108,Methyl gallate,Acacia nilotica,Babul / Gum arabic tree,Mimosoideae,Stem bark,Kenya,7428,COC(=O)c1cc(O)c(O)c(O)c1,FBSFWRHWHYMIOG-UHFFFAOYSA-N,C8H8O5,184.147,0.59,3,5,86.99,1,0,Pass,Antidiabetic,Metabolic targets,10.3390/molecules28207202,2023,Phenolic acid,Phenolic Compound,Isolation (Extraction),Isolated from stem bark.,Verified,0.125,1,1,13,42.7759,0.438871,Pass,1,Fail
AFRO-0109,Gallocatechin 5-O-gallate,Acacia nilotica,Babul / Gum arabic tree,Mimosoideae,Stem bark,Kenya,76385903,O=C(Oc1cc(O)cc2c1CC(O)C(c1cc(O)c(O)c(O)c1)O2)c1cc(O)c(O)c(O)c1,PRVLZZLYGXHYCQ-UHFFFAOYSA-N,C22H18O11,458.375,1.8821,8,11,197.37,3,2,Fail,Antidiabetic,Cellular metabolic pathways,10.3390/molecules28207202,2023,Flavanol gallate,Flavonoid,Isolation (Extraction),Isolated from stem bark.,Verified,0.136364,4,3,33,109.0179,0.161964,Fail,0,Pass
AFRO-0110,Catechin 5-O-gallate,Acacia nilotica,Babul / Gum arabic tree,Mimosoideae,Stem bark,Kenya,15689618,O=C(Oc1cc(O)cc2c1CC(O)C(c1ccc(O)c(O)c1)O2)c1cc(O)c(O)c(O)c1,LVJJFMLUMNSUFN-UHFFFAOYSA-N,C22H18O10,442.376,2.1765,7,10,177.14,3,1,Pass,Antidiabetic,Cellular metabolic pathways,10.3390/molecules28207202,2023,Flavanol gallate,Flavonoid,Isolation (Extraction),Isolated from stem bark.,Verified,0.136364,4,3,32,107.3531,0.180644,Fail,0,Pass
AFRO-0111,Gallic Acid,Acacia nilotica,Babul / Gum arabic tree,Mimosoideae,Stem bark,Kenya,370,O=C(O)c1cc(O)c(O)c(O)c1,LNTHITQWFMADLM-UHFFFAOYSA-N,C7H6O5,170.12,0.5016,4,4,97.99,1,0,Pass,Antidiabetic,Metabolic pathways,10.3390/molecules28207202,2023,Phenolic acid,Phenolic Compound,Isolation (Extraction),Isolated from stem bark.,Verified,0.0,1,1,12,38.3957,0.459888,Pass,2,Fail
AFRO-0112,Digallic acid,Acacia nilotica,Babul / Gum arabic tree,Mimosoideae,Stem bark,Kenya,341,O=C(O)c1cc(O)c(O)c(OC(=O)c2cc(O)c(O)c(O)c2)c1,COVFEVWNJUOYRL-UHFFFAOYSA-N,C14H10O9,322.225,1.132,6,8,164.75,3,1,Pass,Antidiabetic,Metabolic pathways,10.3390/molecules28207202,2023,Phenolic acid derivative,Phenolic Compound,Isolation (Extraction),Isolated from stem bark.,Verified,0.0,2,2,23,73.1258,0.275781,Fail,0,Pass
AFRO-0113,Ellagic Acid,Acacia nilotica,Babul / Gum arabic tree,Mimosoideae,Stem bark,Kenya,5281855,O=c1oc2c(O)c(O)cc3c(=O)oc4c(O)c(O)cc1c4c23,AFSDNFLWKVMVRB-UHFFFAOYSA-N,C14H6O8,302.194,1.3128,4,8,141.34,0,0,Pass,Antidiabetic,Metabolic targets,10.3390/molecules28207202,2023,Polyphenol,Phenolic Compound,Isolation (Extraction),Isolated from stem bark.,Verified,0.0,4,4,22,73.8772,0.216285,Fail,0,Pass
AFRO-0114,"(-)-epigallocatechin-5,7-digallate",Acacia nilotica,Babul / Gum arabic tree,Mimosoideae,Stem bark,Kenya,74977180,O=C(Oc1cc(OC(=O)c2cc(O)c(O)c(O)c2)c2c(c1)OC(c1cc(O)c(O)c(O)c1)C(O)C2)c1cc(O)c(O)c(O)c1,YEPUYRJJVLBSCO-UHFFFAOYSA-N,C29H22O15,610.48,2.5125,10,15,264.13,5,3,Fail,Antidiabetic,Metabolic targets,10.3390/molecules28207202,2023,Catechin gallate,Flavonoid,Isolation (Extraction),Isolated from stem bark.,Verified,0.103448,5,4,44,143.748,0.088362,Fail,2,Fail
AFRO-0115,Catechin-7-O-gallate,Acacia nilotica,Babul / Gum arabic tree,Mimosoideae,Stem bark,Kenya,471393,O=C(Oc1cc(O)c2c(c1)OC(c1ccc(O)c(O)c1)C(O)C2)c1cc(O)c(O)c(O)c1,WKIHBIBUCQPPBY-UHFFFAOYSA-N,C22H18O10,442.376,2.1765,7,10,177.14,3,1,Pass,Antidiabetic,Metabolic targets,10.3390/molecules28207202,2023,Flavanol gallate,Flavonoid,Isolation (Extraction),Isolated from stem bark.,Verified,0.136364,4,3,32,107.3531,0.180644,Fail,0,Pass
AFRO-0116,Naringenin,Acacia nilotica,Babul / Gum arabic tree,Mimosoideae,Stem bark,Kenya,932,O=C1CC(c2ccc(O)cc2)Oc2cc(O)cc(O)c21,FTVWIRXFELQLPI-UHFFFAOYSA-N,C15H12O5,272.256,2.5099,3,5,86.99,1,0,Pass,Antidiabetic,Metabolic targets,10.3390/molecules28207202,2023,Flavanone,Flavonoid,Isolation (Extraction),Isolated from stem bark.,Verified,0.133333,3,2,20,70.1949,0.742114,Pass,0,Pass
AFRO-0117,Chalconaringenin-4'-O-β-glucopyranoside,Acacia nilotica,Babul / Gum arabic tree,Mimosoideae,Stem bark,Kenya,11743626,O=C(C=Cc1ccc(O)cc1)c1c(O)cc(OC2OC(CO)C(O)C(O)C2O)cc1O,ZYUSTWOCCKABCY-UHFFFAOYSA-N,C21H22O10,434.397,-0.1218,7,10,177.14,6,1,Pass,Antidiabetic,Metabolic targets,10.3390/molecules28207202,2023,Chalcone glycoside,Flavonoid,Isolation (Extraction),Isolated from stem bark.,Verified,0.285714,3,2,31,105.6381,0.239465,Fail,0,Pass
AFRO-0118,Lupenone,Acacia nilotica,Babul / Gum arabic tree,Mimosoideae,Stem bark,Kenya,92158,C=C(C)C1CCC2(C)CCC3(C)C(CCC4C5(C)CCC(=O)C(C)(C)C5CCC43C)C12,GRBHNQFQFHLCHO-UHFFFAOYSA-N,C30H48O,424.713,8.233,0,1,17.07,1,1,Pass,Anti-inflammatory,COX-1 / COX-2,10.3390/molecules28207202,2023,Triterpenoid,Terpenoid,Isolation (Extraction),Triterpene compound.,Verified,0.9,5,0,31,129.65,0.387316,Pass,1,Fail
AFRO-0119,Rutin,Acalypha wilkesiana,Copperleaf,Euphorbiaceae,Leaves; stems; root bark,Kenya,5280805,CC1OC(OCC2OC(Oc3c(-c4ccc(O)c(O)c4)oc4cc(O)cc(O)c4c3=O)C(O)C(O)C2O)C(O)C(O)C1O,IKGXIBQEEMLURG-UHFFFAOYSA-N,C27H30O16,610.521,-1.6871,10,16,269.43,6,3,Fail,Potentiates IRK / Glucose uptake,IRK / GLUT4,10.3390/molecules28207202,2023,Flavonoid glycoside,Flavonoid,Isolation (Extraction),Bioactive flavonoid.,Verified,0.444444,5,3,43,140.196,0.139518,Fail,3,Fail
AFRO-0120,Corilagin,Acalypha wilkesiana,Copperleaf,Euphorbiaceae,Leaves; stems; root bark,Kenya,73568,O=C(OC1OC2COC(=O)c3cc(O)c(O)c(O)c3-c3c(cc(O)c(O)c3O)C(=O)OC(C2O)C1O)c1cc(O)c(O)c(O)c1,TUSDEZXZIZRFGC-UHFFFAOYSA-N,C27H22O18,634.455,-0.2965,11,18,310.66,2,3,Fail,Antidiabetic,Metabolic targets,10.3390/molecules28207202,2023,Ellagitannin,Phenolic Compound,Isolation (Extraction),Bioactive tannin.,Verified,0.222222,5,3,45,138.8793,0.097892,Fail,2,Fail
AFRO-0121,Geraniin,Acalypha wilkesiana,Copperleaf,Euphorbiaceae,Leaves; stems; root bark,Kenya,3001497,O=C1OC2C3COC(=O)c4cc(O)c(O)c(O)c4-c4c(cc(O)c(O)c4O)C(=O)OC2C(OC(=O)c2cc(O)c(O)c4c2C2C1=CC(=O)C(O)(O4)C2(O)O)C(OC(=O)c1cc(O)c(O)c(O)c1)O3,JQQBXPCJFAKSPG-UHFFFAOYSA-N,C41H28O27,952.648,-1.1015,14,27,450.25,2,3,Fail,Antidiabetic,Metabolic targets,10.3390/molecules28207202,2023,Ellagitannin,Phenolic Compound,Isolation (Extraction),Bioactive tannin.,Verified,0.219512,9,4,68,204.2982,0.049056,Fail,3,Fail
AFRO-0122,Kaempferol 3-O-rutinoside,Acalypha wilkesiana,Copperleaf,Euphorbiaceae,Leaves; stems; root bark,Kenya,5318767,CC1OC(OCC2OC(Oc3c(-c4ccc(O)cc4)oc4cc(O)cc(O)c4c3=O)C(O)C(O)C2O)C(O)C(O)C1O,RTATXGUCZHCSNG-UHFFFAOYSA-N,C27H30O15,594.522,-1.3927,9,15,249.2,6,3,Fail,Antidiabetic,Metabolic targets,10.3390/molecules28207202,2023,Flavonoid glycoside,Flavonoid,Isolation (Extraction),Bioactive flavonoid.,Verified,0.444444,5,3,42,138.5312,0.159291,Fail,3,Fail
AFRO-0123,Alliuocide G,Allium cepa,Onion,Amaryllidaceae,Whole plant,Kenya,163184125,O=C1c2c(O)cc(O)cc2OC2(c3ccc(O)c(O)c3)Oc3ccc(O)cc3OC12O,YBYGGWSLHBZIFH-UHFFFAOYSA-N,C21H14O10,426.333,1.8027,6,10,166.14,1,1,Pass,Inhibition of α-amylase (96.5%),α-Amylase,10.3390/molecules28207202,2023,Flavonoid,Flavonoid,Isolation (Extraction),Exhibited highest α-amylase inhibition.,Verified,0.095238,5,3,31,100.4923,0.315915,Fail,0,Pass
AFRO-0124,"2-(3,4-Dihydroxybenzoyl)-2,4,6-trihydroxy-3(2H)-benzofuranone",Allium cepa,Onion,Amaryllidaceae,Whole plant,Kenya,54378453,O=C(c1ccc(O)c(O)c1)C1(O)Oc2cc(O)cc(O)c2C1=O,UYFQPTAFLCOYSM-UHFFFAOYSA-N,C15H10O8,318.237,0.6556,5,8,144.52,2,0,Pass,Inhibition of α-amylase,α-Amylase,10.3390/molecules28207202,2023,Benzofuranone,Quinone,Isolation (Extraction),Active isolated constituent.,Verified,0.066667,3,2,23,73.782,0.308295,Fail,0,Pass
AFRO-0125,Luteolin-7-O-D-glucopyranoside,Allium cepa,Onion,Amaryllidaceae,Whole plant,Kenya,5280637,O=c1cc(-c2ccc(O)c(O)c2)oc2cc(OC3OC(CO)C(O)C(O)C3O)cc(O)c12,PEFNSGRTCBGNAN-UHFFFAOYSA-N,C21H20O11,448.38,-0.2445,7,11,190.28,4,2,Fail,Inhibition of α-amylase,α-Amylase,10.3390/molecules28207202,2023,Flavonoid glycoside,Flavonoid,Isolation (Extraction),Active isolated constituent.,Verified,0.285714,4,3,32,107.3096,0.260645,Fail,0,Pass
AFRO-0126,"Quercetin 3,4'-diglucoside",Allium cepa,Onion,Amaryllidaceae,Whole plant,Kenya,5320835,O=c1c(OC2OC(CO)C(O)C(O)C2O)c(-c2ccc(OC3OC(CO)C(O)C(O)C3O)c(O)c2)oc2cc(O)cc(O)c12,RPVIQWDFJPYNJM-UHFFFAOYSA-N,C27H30O17,626.52,-3.0658,11,17,289.66,7,3,Fail,Antidiabetic / Antioxidant,Glucose metabolism targets,10.3390/molecules28207202,2023,Flavonoid glycoside,Flavonoid,Isolation (Extraction),Major onion flavonol.,Verified,0.444444,5,3,44,141.7048,0.124006,Fail,3,Fail
AFRO-0127,"Isorhamnetin 3,4'-diglucoside",Allium cepa,Onion,Amaryllidaceae,Whole plant,Kenya,11802256,COc1cc(-c2oc3cc(O)cc(O)c3c(=O)c2OC2OC(CO)C(O)C(O)C2O)ccc1OC1OC(CO)C(O)C(O)C1O,VKVBSQRURLRCHO-UHFFFAOYSA-N,C28H32O17,640.547,-2.7628,10,17,278.66,8,3,Fail,Antidiabetic,Metabolic targets,10.3390/molecules28207202,2023,Flavonoid glycoside,Flavonoid,Isolation (Extraction),Flavonol derivative.,Verified,0.464286,5,3,45,146.592,0.119309,Fail,3,Fail
AFRO-0128,Quercetin 7-glucoside,Allium cepa,Onion,Amaryllidaceae,Whole plant,Kenya,5282160,O=c1c(O)c(-c2ccc(O)c(O)c2)oc2cc(OC3OC(CO)C(O)C(O)C3O)cc(O)c12,BBFYUPYFXSSMNV-UHFFFAOYSA-N,C21H20O12,464.379,-0.5389,8,12,210.51,4,2,Fail,Antidiabetic,Metabolic targets,10.3390/molecules28207202,2023,Flavonoid glycoside,Flavonoid,Isolation (Extraction),Flavonol derivative.,Verified,0.285714,4,3,33,108.9744,0.228875,Fail,1,Fail
AFRO-0129,Cyanidin 4'-O-beta-glucoside,Allium cepa,Onion,Amaryllidaceae,Whole plant,Kenya,5316221,OCC1OC(Oc2ccc(-c3[o+]c4cc(O)cc(O)c4cc3O)cc2O)C(O)C(O)C1O,CSNMEDJMOXSNRZ-UHFFFAOYSA-O,C21H21O11+,449.388,0.382,8,10,191.6,4,1,Pass,Antidiabetic,Free radicals,10.3390/molecules28207202,2023,Anthocyanin,Flavonoid,Isolation (Extraction),Pigment constituent.,Verified,0.285714,4,3,32,107.1114,0.25687,Fail,0,Pass
AFRO-0130,Isoalliin,Allium cepa,Onion,Amaryllidaceae,Whole plant,Kenya,118989467,CC=CS(=O)CC(N)C(=O)O,OKYHUOHBRKWCQJ-UHFFFAOYSA-N,C6H11NO3S,177.225,-0.3194,2,3,80.39,4,0,Pass,Antidiabetic,Metabolic targets,10.3390/molecules28207202,2023,Organosulfur,Organosulfur Compound,Isolation (Extraction),Sulfur-containing compound.,Verified,0.5,0,0,11,43.4346,0.616416,Pass,1,Fail
AFRO-0131,N-(gamma-glutamyl)-S-methyl-L-cysteine,Allium cepa,Onion,Amaryllidaceae,Whole plant,Kenya,13894650,CSCC(NC(=O)CCC(N)C(=O)O)C(=O)O,UPCDLBPYWXOCOK-UHFFFAOYSA-N,C9H16N2O5S,264.303,-0.8891,4,5,129.72,8,0,Pass,Antidiabetic,Metabolic targets,10.3390/molecules28207202,2023,Dipeptide / Amino acid derivative,Amino Acid Derivative,Isolation (Extraction),Sulfur precursor.,Verified,0.666667,0,0,17,62.7937,0.447183,Pass,2,Fail
AFRO-0132,Laccaic acid D,Aloe secundiflora,Aloe,Asphodelaceae,Roots,Kenya,9883304,Cc1c(C(=O)O)c(O)cc2c1C(=O)c1c(O)cc(O)cc1C2=O,DDTNCHWMNZLWKO-UHFFFAOYSA-N,C16H10O7,314.249,1.5854,4,6,132.13,1,0,Pass,Antidiabetic / Antioxidant,Metabolic targets,10.3390/molecules28207202,2023,Anthraquinone,Quinone,Isolation (Extraction),Anthraquinone pigment.,Verified,0.0625,3,2,23,76.4397,0.535803,Pass,0,Pass
AFRO-0133,"3-Methoxy-2-methylnaphthalene-1,4-dione",Aloe secundiflora,Aloe,Asphodelaceae,Roots,Kenya,79441,COC1=C(C)C(=O)c2ccccc2C1=O,CNZJAOOYWYLTEC-UHFFFAOYSA-N,C12H10O3,202.209,1.986,0,3,43.37,1,0,Pass,Antidiabetic,Metabolic targets,10.3390/molecules28207202,2023,Naphthoquinone,Quinone,Isolation (Extraction),Root isolate.,Verified,0.166667,2,1,15,54.812,0.698974,Pass,1,Fail
AFRO-0134,Chrysophanol,Aloe secundiflora,Aloe,Asphodelaceae,Roots,Kenya,10208,Cc1cc(O)c2c(c1)C(=O)c1cccc(O)c1C2=O,LQGUBLBATBMXHT-UHFFFAOYSA-N,C15H10O4,254.241,2.1816,2,4,74.6,0,0,Pass,Antidiabetic,Metabolic targets,10.3390/molecules28207202,2023,Anthraquinone,Quinone,Isolation (Extraction),Active anthraquinone.,Verified,0.066667,3,2,19,67.8156,0.644448,Pass,1,Fail
AFRO-0135,Helminthosporin,Aloe secundiflora,Aloe,Asphodelaceae,Roots,Kenya,97560,Cc1cc(O)c2c(c1)C(=O)c1c(O)ccc(O)c1C2=O,YOOXNSPYGCZLAX-UHFFFAOYSA-N,C15H10O5,270.24,1.8872,3,5,94.83,0,0,Pass,Antidiabetic,Metabolic targets,10.3390/molecules28207202,2023,Anthraquinone,Quinone,Isolation (Extraction),Root isolate.,Verified,0.066667,3,2,20,69.4804,0.542095,Pass,0,Pass
AFRO-0136,Aloesaponarin I,Aloe secundiflora,Aloe,Asphodelaceae,Roots,Kenya,11098986,COC(=O)c1c(O)cc2c(c1C)C(=O)c1c(O)cccc1C2=O,OWMIPWWYWUGBCG-UHFFFAOYSA-N,C17H12O6,312.277,1.9682,2,6,100.9,1,0,Pass,Antidiabetic,Metabolic targets,10.3390/molecules28207202,2023,Anthraquinone,Quinone,Isolation (Extraction),Root isolate.,Verified,0.117647,3,2,23,79.1551,0.666209,Pass,0,Pass
AFRO-0137,Aloesaponarin II,Aloe secundiflora,Aloe,Asphodelaceae,Roots,Kenya,3085033,Cc1cc(O)cc2c1C(=O)c1c(O)cccc1C2=O,BXWJOXJOMFDQNV-UHFFFAOYSA-N,C15H10O4,254.241,2.1816,2,4,74.6,0,0,Pass,Antidiabetic,Metabolic targets,10.3390/molecules28207202,2023,Anthraquinone,Quinone,Isolation (Extraction),Root isolate.,Verified,0.066667,3,2,19,67.8156,0.644448,Pass,1,Fail
AFRO-0138,Asphodelin,Aloe secundiflora,Aloe,Asphodelaceae,Roots,Kenya,182665,Cc1cc(O)c2c(c1)C(=O)c1ccc(-c3c(C)cc(O)c4c3C(=O)c3cccc(O)c3C4=O)c(O)c1C2=O,BXWGUDGILDGCGB-UHFFFAOYSA-N,C30H18O8,506.466,4.3436,4,8,149.2,1,1,Pass,Antidiabetic,Metabolic targets,10.3390/molecules28207202,2023,Bianthraquinoid,Quinone,Isolation (Extraction),Dimeric anthraquinone.,Verified,0.066667,6,4,38,134.6252,0.257257,Fail,2,Fail
AFRO-0139,Hydroxyacetophenone,Carissa edulis,Natal plum,Apocynaceae,"Roots, fruits, leaves",Kenya,7469,CC(=O)c1ccc(O)cc1,TXFPEBPIARQUIG-UHFFFAOYSA-N,C8H8O2,136.15,1.5948,1,2,37.3,1,0,Pass,Antidiabetic,Metabolic targets,10.3390/molecules28207202,2023,Phenone,Miscellaneous,Isolation (Extraction),Isolated from C. edulis.,Verified,0.125,1,1,10,38.1113,0.595108,Pass,3,Fail
AFRO-0140,Catalponol,Carissa edulis,Natal plum,Apocynaceae,"Roots, fruits, leaves",Kenya,169570,CC(C)=CCC1CC(O)c2ccccc2C1=O,BTQXIESSQVRLCV-UHFFFAOYSA-N,C15H18O2,230.307,3.2789,1,2,37.3,2,0,Pass,Antidiabetic,Metabolic targets,10.3390/molecules28207202,2023,Iridoid,Terpenoid,Isolation (Extraction),Root isolate.,Verified,0.4,2,1,17,67.8873,0.791555,Pass,1,Fail
AFRO-0141,Carissone,Carissa edulis,Natal plum,Apocynaceae,"Roots, fruits, leaves",Kenya,11770473,CC1=C2CC(C(C)(C)O)CCC2(C)CCC1=O,ZWSWPQHKDLDIDL-UHFFFAOYSA-N,C15H24O2,236.355,3.2431,1,2,37.3,1,0,Pass,Antidiabetic,Metabolic targets,10.3390/molecules28207202,2023,Eudesmane sesquiterpene,Terpenoid,Isolation (Extraction),Bioactive sesquiterpene.,Verified,0.8,2,0,17,68.6868,0.75855,Pass,1,Fail
AFRO-0142,Coniferaldehyde,Carissa edulis,Natal plum,Apocynaceae,"Roots, fruits, leaves",Kenya,5280536,COc1cc(C=CC=O)ccc1O,DKZBBWMURDFHNE-UHFFFAOYSA-N,C10H10O3,178.187,1.6129,1,3,46.53,3,0,Pass,Antidiabetic,Metabolic targets,10.3390/molecules28207202,2023,Phenylpropanoid,Phenylpropanoid,Isolation (Extraction),Phenolic isolate.,Verified,0.1,1,1,13,49.7568,0.56465,Pass,1,Fail
AFRO-0143,(-)-Nortrachelogenin,Carissa edulis,Natal plum,Apocynaceae,"Roots, fruits, leaves",Kenya,394846,COc1cc(CC2COC(=O)C2(O)Cc2ccc(O)c(OC)c2)ccc1O,ZITBJWXLODLDRH-UHFFFAOYSA-N,C20H22O7,374.389,1.8043,3,7,105.45,6,0,Pass,Antidiabetic,Metabolic targets,10.3390/molecules28207202,2023,Lignan,Phenylpropanoid,Isolation (Extraction),Lignan isolate.,Verified,0.35,3,2,27,96.1244,0.662294,Pass,0,Pass
AFRO-0144,Scopoletin,Carissa edulis,Natal plum,Apocynaceae,"Roots, fruits, leaves",Kenya,5280460,COc1cc2ccc(=O)oc2cc1O,RODXRVNMMDRFIK-UHFFFAOYSA-N,C10H8O4,192.17,1.5072,1,4,59.67,1,0,Pass,Antidiabetic,Metabolic targets,10.3390/molecules28207202,2023,Coumarin,Phenylpropanoid,Isolation (Extraction),Bioactive coumarin.,Verified,0.1,2,2,14,50.7008,0.695448,Pass,1,Fail
AFRO-0145,Isofraxidin,Carissa edulis,Natal plum,Apocynaceae,"Roots, fruits, leaves",Kenya,5318565,COc1cc2ccc(=O)oc2c(OC)c1O,HOEVRHHMDJKUMZ-UHFFFAOYSA-N,C11H10O5,222.196,1.5158,1,5,68.9,2,0,Pass,Antidiabetic,Metabolic targets,10.3390/molecules28207202,2023,Coumarin,Phenylpropanoid,Isolation (Extraction),Bioactive coumarin.,Verified,0.181818,2,2,16,57.2528,0.779863,Pass,1,Fail
AFRO-0146,(+)-Lariciresinol,Carissa edulis,Natal plum,Apocynaceae,"Roots, fruits, leaves",Kenya,332427,COc1cc(CC2COC(c3ccc(O)c(OC)c3)C2CO)ccc1O,MHXCIKYXNYCMHY-UHFFFAOYSA-N,C20H24O6,360.406,2.6537,3,6,88.38,6,0,Pass,Antidiabetic,Metabolic targets,10.3390/molecules28207202,2023,Lignan,Phenylpropanoid,Isolation (Extraction),Lignan isolate.,Verified,0.4,3,2,26,95.7804,0.733984,Pass,0,Pass
AFRO-0147,Carissanol,Carissa edulis,Natal plum,Apocynaceae,"Roots, fruits, leaves",Kenya,340931,COc1cc(CC2COC(O)C2(O)Cc2ccc(O)c(OC)c2)ccc1O,LHQJDCXEZZAFKD-UHFFFAOYSA-N,C20H24O7,376.405,1.5961,4,7,108.61,6,0,Pass,Antidiabetic,Metabolic targets,10.3390/molecules28207202,2023,Lignan,Phenylpropanoid,Isolation (Extraction),Lignan isolate.,Verified,0.4,3,2,27,97.1242,0.606281,Pass,0,Pass
AFRO-0148,Carinol,Carissa edulis,Natal plum,Apocynaceae,"Roots, fruits, leaves",Kenya,586373,COc1cc(CC(CO)C(O)(CO)Cc2ccc(O)c(OC)c2)ccc1O,INPPVVSEQRZCLJ-UHFFFAOYSA-N,C20H26O7,378.421,1.2321,5,7,119.61,9,0,Pass,Antidiabetic,Metabolic targets,10.3390/molecules28207202,2023,Lignan,Phenylpropanoid,Isolation (Extraction),Lignan isolate.,Verified,0.4,2,2,27,99.337,0.445153,Pass,0,Pass
AFRO-0149,Lupeol,Carissa edulis,Natal plum,Apocynaceae,"Roots, fruits, leaves",Kenya,259846,C=C(C)C1CCC2(C)CCC3(C)C(CCC4C5(C)CCC(O)C(C)(C)C5CCC43C)C12,MQYXUWHLBZFQQO-UHFFFAOYSA-N,C30H50O,426.729,8.0248,1,1,20.23,1,1,Pass,Antidiabetic / Cytotoxic,Metabolic pathways,10.3390/molecules28207202,2023,Pentacyclic triterpenoid,Terpenoid,Isolation (Extraction),Bioactive triterpene.,Verified,0.933333,5,0,31,130.6498,0.420722,Pass,2,Fail
AFRO-0150,Oleuropein,Carissa edulis,Natal plum,Apocynaceae,"Roots, fruits, leaves",Kenya,5281544,CC=C1C(OC2OC(CO)C(O)C(O)C2O)OC=C(C(=O)OC)C1CC(=O)OCCc1ccc(O)c(O)c1,RFWGABANNQMHMZ-UHFFFAOYSA-N,C25H32O13,540.518,-0.6342,6,13,201.67,9,3,Fail,Antidiabetic,Metabolic targets,10.3390/molecules28207202,2023,Secoiridoid glucoside,Terpenoid,Isolation (Extraction),Bioactive glycoside.,Verified,0.52,3,1,38,126.1228,0.131366,Fail,2,Fail
AFRO-0151,Rhamnetin-3-O-β-D-glucopyranoside,Carissa edulis,Natal plum,Apocynaceae,"Roots, fruits, leaves",Kenya,14704553,COc1cc(O)c2c(=O)c(OC3OC(CO)C(O)C(O)C3O)c(-c3ccc(O)c(O)c3)oc2c1,PHEWILLIAJUBQE-UHFFFAOYSA-N,C22H22O12,478.406,-0.2359,7,12,199.51,5,2,Fail,Antidiabetic,Metabolic targets,10.3390/molecules28207202,2023,Flavonoid glycoside,Flavonoid,Isolation (Extraction),Flavonol glycoside.,Verified,0.318182,4,3,34,113.8616,0.2379,Fail,0,Pass
AFRO-0152,Isorhamnetin-3-O-β-D-glucopyranoside,Carissa edulis,Natal plum,Apocynaceae,"Roots, fruits, leaves",Kenya,5318645,COc1cc(-c2oc3cc(O)cc(O)c3c(=O)c2OC2OC(CO)C(O)C(O)C2O)ccc1O,CQLRUIIRRZYHHS-UHFFFAOYSA-N,C22H22O12,478.406,-0.2359,7,12,199.51,5,2,Fail,Antidiabetic,Metabolic targets,10.3390/molecules28207202,2023,Flavonoid glycoside,Flavonoid,Isolation (Extraction),Flavonol glycoside.,Verified,0.318182,4,3,34,113.8616,0.254313,Fail,0,Pass
AFRO-0153,(+)-Butyl-O-α-L-rhamnoside,Carissa edulis,Natal plum,Apocynaceae,"Roots, fruits, leaves",Kenya,13059942,CCCCOC1OC(C)C(O)C(O)C1O,SMKNLYABELUZSL-UHFFFAOYSA-N,C10H20O5,220.265,-0.3694,3,5,79.15,4,0,Pass,Antidiabetic,Metabolic targets,10.3390/molecules28207202,2023,Glycoside,Glycoside,Isolation (Extraction),Glycosidic derivative.,Verified,1.0,1,0,15,53.2154,0.56335,Pass,1,Fail
AFRO-0154,Peonidin-3-rutinoside,Carissa edulis,Natal plum,Apocynaceae,"Roots, fruits, leaves",Kenya,90470731,COc1cc(-c2[o+]c3cc(O)cc(O)c3cc2OC2OC(COC3OC(C)C(O)C(O)C3O)C(O)C(O)C2O)ccc1O,ONQVTPMFYSRRLL-UHFFFAOYSA-O,C28H33O15+,609.557,-0.4632,9,14,239.52,7,3,Fail,Antidiabetic,Metabolic targets,10.3390/molecules28207202,2023,Anthocyanin,Flavonoid,Isolation (Extraction),Fruit anthocyanin.,Verified,0.464286,5,3,43,143.2202,0.153993,Fail,3,Fail
AFRO-0155,Guaiacylglycerol,Carissa edulis,Natal plum,Apocynaceae,"Roots, fruits, leaves",Kenya,14579,COc1cc(C(O)C(O)CO)ccc1O,LSKFUSLVUZISST-UHFFFAOYSA-N,C10H14O5,214.217,-0.2126,4,5,90.15,4,0,Pass,Antidiabetic,Metabolic targets,10.3390/molecules28207202,2023,Phenylpropanoid,Phenylpropanoid,Isolation (Extraction),Root bark isolate.,Verified,0.4,1,1,15,52.7112,0.556407,Pass,1,Fail
AFRO-0156,1-(1-Hydroxyethyl)-2-(6-(1-hydroxyethyl)phenoxy)benzene,Carissa edulis,Natal plum,Apocynaceae,"Roots, fruits, leaves",Kenya,18508382,CC(O)c1ccccc1Oc1ccccc1C(C)O,MHLAWJQCXFMYLA-UHFFFAOYSA-N,C16H18O3,258.317,3.5855,2,3,49.69,4,0,Pass,Antidiabetic,Metabolic targets,10.3390/molecules28207202,2023,Diphenyl ether,Miscellaneous,Isolation (Extraction),Root bark isolate.,Verified,0.25,2,2,19,74.2256,0.880775,Pass,1,Fail
AFRO-0157,"3,4-Dimethoxyphenyl-2-O-β-D-apiofuranosyl-(1→2)-β-D-glucopyranoside",Carissa edulis,Natal plum,Apocynaceae,"Roots, fruits, leaves",Kenya,163040208,COc1ccc(OC2OC(CO)C(O)C(O)C2OC2OCC(O)(CO)C2O)cc1OC,RUTRSEVLUYAPSN-UHFFFAOYSA-N,C19H28O12,448.421,-2.6526,6,12,176.76,8,2,Fail,Antidiabetic,Metabolic targets,10.3390/molecules28207202,2023,Phenolic glycoside,Phenolic Compound,Isolation (Extraction),Root bark isolate.,Verified,0.684211,3,1,31,100.5898,0.243797,Fail,1,Fail
AFRO-0158,Dovyalicin E,Dovyalis abyssinica,African apricot,Salicaceae,"Leaves, twigs, roots",Kenya,16086546,O=C(NCCCCN1CCCNC(c2ccccc2)CC1=O)c1ccccc1,XMSVRBIVBUEBCF-UHFFFAOYSA-N,C23H29N3O2,379.504,3.1499,2,3,61.44,7,0,Pass,Antidiabetic,Cellular targets,10.3390/molecules28207202,2023,Spermidine alkaloid,Alkaloid,Isolation (Extraction),Leaf and twig alkaloid.,Verified,0.391304,3,2,28,111.0089,0.726736,Pass,0,Pass
AFRO-0159,N-(4-Benzoylaminobutyl)-N-(3-dimethylaminopropyl)-3-phenylpropenamide,Dovyalis abyssinica,African apricot,Salicaceae,"Leaves, twigs, roots",Kenya,16086548,CN(C)CCCN(CCCCNC(=O)c1ccccc1)C(=O)C=Cc1ccccc1,VMZGZQGCIBFDJR-UHFFFAOYSA-N,C25H33N3O2,407.558,3.6903,1,3,52.65,12,0,Pass,Antidiabetic,Cellular targets,10.3390/molecules28207202,2023,Spermidine alkaloid,Alkaloid,Isolation (Extraction),Alkaloid isolate.,Verified,0.36,2,2,30,123.2362,0.431246,Fail,0,Pass
AFRO-0160,Methyl 1-hydroxy-6-oxocyclohex-2-enecarboxylate,Dovyalis abyssinica,African apricot,Salicaceae,"Leaves, twigs, roots",Kenya,23649674,COC(=O)C1(O)C=CCCC1=O,IJZJQOKHINBQCY-UHFFFAOYSA-N,C8H10O4,170.164,-0.1904,1,4,63.6,1,0,Pass,Antidiabetic,Metabolic targets,10.3390/molecules28207202,2023,Cyclohexene derivative,Terpenoid,Isolation (Extraction),Plant isolate.,Verified,0.5,1,0,12,40.3468,0.336325,Pass,1,Fail
AFRO-0161,4-Hydroxy-2-(1-hydroxy-6-oxocyclohex-2-enecarbonyloxymethyl)phenyl 2-O-benzoyl-α-D-glucopyranoside,Dovyalis abyssinica,African apricot,Salicaceae,"Leaves, twigs, roots",Kenya,73238325,O=C(OC1C(Oc2ccc(O)cc2COC(=O)C2(O)C=CCCC2=O)OC(CO)C(O)C1O)c1ccccc1,MDHRUEIHSUOCAT-UHFFFAOYSA-N,C27H28O12,544.509,0.129,5,12,189.28,8,2,Fail,Antidiabetic,Metabolic targets,10.3390/molecules28207202,2023,Phenolic glucoside,Phenolic Compound,Isolation (Extraction),Plant isolate.,Verified,0.37037,4,2,39,130.2675,0.171841,Fail,2,Fail
AFRO-0162,Benzoic acid,Dovyalis abyssinica,African apricot,Salicaceae,"Leaves, twigs, roots",Kenya,243,O=C(O)c1ccccc1,WPYMKLBDIGXBTP-UHFFFAOYSA-N,C7H6O2,122.123,1.3848,1,1,37.3,1,0,Pass,Antidiabetic,Metabolic targets,10.3390/molecules28207202,2023,Aromatic carboxylic acid,Phenolic Compound,Isolation (Extraction),Plant isolate.,Verified,0.0,1,1,9,33.4013,0.610604,Pass,3,Fail
AFRO-0163,Tremulacin,Dovyalis abyssinica,African apricot,Salicaceae,"Leaves, twigs, roots",Kenya,442544,O=C(OC1C(Oc2ccccc2COC(=O)C2(O)C=CCCC2=O)OC(CO)C(O)C1O)c1ccccc1,RCKCYCDBDYUIGM-UHFFFAOYSA-N,C27H28O11,528.51,0.4234,4,11,169.05,8,2,Fail,Antidiabetic,Metabolic targets,10.3390/molecules28207202,2023,Phenolic glucoside,Phenolic Compound,Isolation (Extraction),Bioactive glucoside.,Verified,0.37037,4,2,38,128.6027,0.212833,Fail,1,Fail
AFRO-0164,Betulinic acid,Dovyalis abyssinica,African apricot,Salicaceae,"Leaves, twigs, roots",Kenya,64971,C=C(C)C1CCC2(C(=O)O)CCC3(C)C(CCC4C5(C)CCC(O)C(C)(C)C5CCC43C)C12,QGJZLNKBHJESQX-UHFFFAOYSA-N,C30H48O3,456.711,7.0895,2,2,57.53,2,1,Pass,Antidiabetic,Metabolic targets,10.3390/molecules28207202,2023,Lupane triterpenoid,Terpenoid,Isolation (Extraction),Active triterpene.,Verified,0.9,5,0,33,132.6116,0.436098,Pass,2,Fail
AFRO-0165,Dihydrooroxylin A,Dracaena steudneri,Dragon tree,Asparagaceae,"Leaves, fruits",Kenya,177032,COc1c(O)cc2c(c1O)C(=O)CC(c1ccccc1)O2,QUAPPCXFYKSDSV-UHFFFAOYSA-N,C16H14O5,286.283,2.8129,2,5,75.99,2,0,Pass,Inhibition of proinflammatory cytokines,Proinflammatory cytokines,10.3390/molecules28207202,2023,Flavanone,Flavonoid,Isolation (Extraction),Leaf isolate.,Verified,0.1875,3,2,21,75.0821,0.887434,Pass,0,Pass
AFRO-0166,7-Hydroxy-6-methoxyflavanone,Dracaena steudneri,Dragon tree,Asparagaceae,"Leaves, fruits",Kenya,86206540,COc1cc2c(cc1O)OC(c1ccccc1)CC2=O,WCXMGPNELNHROM-UHFFFAOYSA-N,C16H14O4,270.284,3.1073,1,4,55.76,2,0,Pass,Inhibition of proinflammatory cytokines,Proinflammatory cytokines,10.3390/molecules28207202,2023,Flavanone,Flavonoid,Isolation (Extraction),Leaf isolate.,Verified,0.1875,3,2,20,73.4173,0.910594,Pass,0,Pass
AFRO-0167,"4',5,7-Trihydroxy-6-methylflavanone",Dracaena steudneri,Dragon tree,Asparagaceae,"Leaves, fruits",Kenya,301798,Cc1c(O)cc2c(c1O)C(=O)CC(c1ccc(O)cc1)O2,SLFZBNOERHGNMI-UHFFFAOYSA-N,C16H14O5,286.283,2.8183,3,5,86.99,1,0,Pass,Inhibition of proinflammatory cytokines,Proinflammatory cytokines,10.3390/molecules28207202,2023,Flavanone,Flavonoid,Isolation (Extraction),Leaf isolate.,Verified,0.1875,3,2,21,74.9319,0.750031,Pass,0,Pass
AFRO-0168,Methylquercetin,Dracaena steudneri,Dragon tree,Asparagaceae,"Leaves, fruits",Kenya,5281679,Cc1c(O)cc2oc(-c3ccc(O)c(O)c3)c(O)c(=O)c2c1O,DTFXGVGIKNSCQQ-UHFFFAOYSA-N,C16H12O7,316.265,2.2964,5,7,131.36,1,0,Pass,Antidiabetic / Anti-inflammatory,Cytokines / Metabolic targets,10.3390/molecules28207202,2023,Flavonoid,Flavonoid,Isolation (Extraction),Leaf isolate.,Verified,0.0625,3,3,23,80.981,0.435133,Pass,0,Pass
AFRO-0169,"3,3'-Di-O-methylquercetin",Dracaena steudneri,Dragon tree,Asparagaceae,"Leaves, fruits",Kenya,5316900,COc1cc(-c2oc3cc(O)cc(O)c3c(=O)c2OC)ccc1O,FMEHGPQTMOPUGM-UHFFFAOYSA-N,C17H14O7,330.292,2.594,3,7,109.36,3,0,Pass,Antidiabetic / Cytotoxic,Cancer cell lines / Targets,10.3390/molecules28207202,2023,Flavonoid,Flavonoid,Isolation (Extraction),Bioactive seed isolate.,Verified,0.117647,3,3,24,86.0184,0.676862,Pass,0,Pass
AFRO-0170,Kaempferol-3-methyl ether,Dracaena steudneri,Dragon tree,Asparagaceae,"Leaves, fruits",Kenya,5280862,COc1c(-c2ccc(O)cc2)oc2cc(O)cc(O)c2c1=O,VJJZJBUCDWKPLC-UHFFFAOYSA-N,C16H12O6,300.266,2.5854,3,6,100.13,2,0,Pass,Antidiabetic,Metabolic targets,10.3390/molecules28207202,2023,Flavonoid,Flavonoid,Isolation (Extraction),Leaf isolate.,Verified,0.0625,3,3,22,79.4664,0.672311,Pass,0,Pass
AFRO-0171,Jaceidin,Dracaena steudneri,Dragon tree,Asparagaceae,"Leaves, fruits",Kenya,5464461,COc1cc(-c2oc3cc(O)c(OC)c(O)c3c(=O)c2OC)ccc1O,XUWTZJRCCPNNJR-UHFFFAOYSA-N,C18H16O8,360.318,2.6026,3,8,118.59,4,0,Pass,Antidiabetic,Metabolic targets,10.3390/molecules28207202,2023,Flavone,Flavonoid,Isolation (Extraction),Leaf isolate.,Verified,0.166667,3,3,26,92.5704,0.649594,Pass,0,Pass
AFRO-0172,7-Hydroxy-6-methoxyflavone,Dracaena steudneri,Dragon tree,Asparagaceae,"Leaves, fruits",Kenya,14376438,COc1cc2c(=O)cc(-c3ccccc3)oc2cc1O,BJBKXYIIWYIZCX-UHFFFAOYSA-N,C16H12O4,268.268,3.1742,1,4,59.67,2,0,Pass,Antidiabetic,Metabolic targets,10.3390/molecules28207202,2023,Flavone,Flavonoid,Isolation (Extraction),Leaf isolate.,Verified,0.0625,3,3,20,76.1368,0.775103,Pass,0,Pass
AFRO-0173,"6,8-Dimethylchrysin",Dracaena steudneri,Dragon tree,Asparagaceae,"Leaves, fruits",Kenya,10401497,Cc1c(O)c(C)c2oc(-c3ccccc3)cc(=O)c2c1O,IHCSYRDYLHMMRU-UHFFFAOYSA-N,C17H14O4,282.295,3.488,2,4,70.67,1,0,Pass,Antidiabetic,Metabolic targets,10.3390/molecules28207202,2023,Flavone,Flavonoid,Isolation (Extraction),Leaf isolate.,Verified,0.117647,3,3,21,80.7236,0.716421,Pass,0,Pass
AFRO-0174,Strobochrysin,Dracaena steudneri,Dragon tree,Asparagaceae,"Leaves, fruits",Kenya,11536318,Cc1c(O)cc2oc(-c3ccccc3)cc(=O)c2c1O,XRJWLVUOUWIPHW-UHFFFAOYSA-N,C16H12O4,268.268,3.1796,2,4,70.67,1,0,Pass,Antidiabetic,Metabolic targets,10.3390/molecules28207202,2023,Flavanone,Flavonoid,Isolation (Extraction),Leaf isolate.,Verified,0.0625,3,3,20,75.9866,0.710721,Pass,0,Pass
AFRO-0175,"3,5,7-Trihydroxy-6-methylflavanone",Dracaena steudneri,Dragon tree,Asparagaceae,"Leaves, fruits",Kenya,129686572,Cc1c(O)cc2c(c1O)C(=O)C(O)C(c1ccccc1)O2,VAJGHLOBFXQACD-UHFFFAOYSA-N,C16H14O5,286.283,2.0835,3,5,86.99,1,0,Pass,Antidiabetic,Metabolic targets,10.3390/molecules28207202,2023,Flavanone,Flavonoid,Isolation (Extraction),Leaf isolate.,Verified,0.1875,3,2,21,74.6569,0.746858,Pass,0,Pass
AFRO-0176,"3,5,7-Trihydroxy-6-methoxyflavanone",Dracaena steudneri,Dragon tree,Asparagaceae,"Leaves, fruits",Kenya,12305752,COc1c(O)cc2c(c1O)C(=O)C(O)C(c1ccccc1)O2,HFDPLPWGKGPTJB-UHFFFAOYSA-N,C16H14O6,302.282,1.7837,3,6,96.22,2,0,Pass,Antidiabetic,Metabolic targets,10.3390/molecules28207202,2023,Flavanone,Flavonoid,Isolation (Extraction),Leaf isolate.,Verified,0.1875,3,2,22,76.4719,0.782335,Pass,0,Pass
AFRO-0177,"3,7-Dihydroxy-6-methoxyflavanone",Dracaena steudneri,Dragon tree,Asparagaceae,"Leaves, fruits",Kenya,129650648,COc1cc2c(cc1O)OC(c1ccccc1)C(O)C2=O,GUMFPOIJOXLCLA-UHFFFAOYSA-N,C16H14O5,286.283,2.0781,2,5,75.99,2,0,Pass,Antidiabetic,Metabolic targets,10.3390/molecules28207202,2023,Flavanone,Flavonoid,Isolation (Extraction),Leaf isolate.,Verified,0.1875,3,2,21,74.8071,0.883623,Pass,0,Pass
AFRO-0178,Kaempferol,Carica papaya,Papaya,Caricaceae,Leaf,Nigeria; Globally,5280863,O=c1c(O)c(-c2ccc(O)cc2)oc2cc(O)cc(O)c12,IYRMWMYZSQPJKC-UHFFFAOYSA-N,C15H10O6,286.239,2.2824,4,6,111.13,1,0,Pass,"α-Amylase and α-Glucosidase inhibition, antidiabetic, antioxidant","Human Pancreatic α-Amylase, α-Glucosidase",10.1016/j.fbio.2023.102861,2023,Flavonoid (Flavonol),Flavonoid,Food Bioscience,Identified in C. papaya leaf extract via LC-MS; demonstrated high binding potential.,Verified,0.0,3,3,21,74.5792,0.545851,Pass,0,Pass
AFRO-0179,Apigenin,Carica papaya,Papaya,Caricaceae,Leaf,Nigeria; Globally,5280443,O=c1cc(-c2ccc(O)cc2)oc2cc(O)cc(O)c12,KZNIFHPLKGYRTM-UHFFFAOYSA-N,C15H10O5,270.24,2.5768,3,5,90.9,1,0,Pass,"α-Amylase and α-Glucosidase inhibition, antidiabetic, antioxidant","Human Pancreatic α-Amylase, α-Glucosidase",10.1016/j.fbio.2023.102861,2023,Flavonoid (Flavone),Flavonoid,Food Bioscience,In silico docking showed strong binding energy (-9.3 to -7.7 kcal/mol).,Verified,0.0,3,3,20,72.9144,0.631833,Pass,0,Pass
AFRO-0180,Dehydrocarpaine I,Carica papaya,Papaya,Caricaceae,Leaf,Nigeria; Globally,101306351,CCCC=CC(=O)OC1CCCCCCOC(=O)CC2C(C)CCCC2OC2CCCC(C)C2C1,LMAUYGQIGIDCCR-UHFFFAOYSA-N,C30H50O5,490.725,7.1682,0,5,61.83,4,1,Pass,"Antidiabetic, hypoglycemic",Pancreatic β-cells,10.31989/bchd.v6i6.1108,2023,Piperidine Alkaloid,Alkaloid,Bioactive Compounds in Health and Disease,Alkaloid derivative in papaya leaf associated with glucose-lowering activity.,Verified,0.866667,3,0,35,138.877,0.30874,Pass,3,Fail
AFRO-0181,Rutin (Quercetin-3-O-rutinoside),Carica papaya,Papaya,Caricaceae,Leaf,Nigeria; Globally,5280805,CC1OC(OCC2OC(Oc3c(-c4ccc(O)c(O)c4)oc4cc(O)cc(O)c4c3=O)C(O)C(O)C2O)C(O)C(O)C1O,IKGXIBQEEMLURG-UHFFFAOYSA-N,C27H30O16,610.521,-1.6871,10,16,269.43,6,3,Fail,"Pancreatic β-cell rejuvenation, antioxidant, antidiabetic","Pancreatic β-cells, Aldose Reductase",10.31989/bchd.v6i6.1108,2023,Flavonoid Glycoside,Flavonoid,Bioactive Compounds in Health and Disease,Abundant flavonoid glycoside in leaves; rejuvenates pancreatic beta cells.,Verified,0.444444,5,3,43,140.196,0.139518,Fail,3,Fail
AFRO-0182,Clitorin (Kaempferol 3-O-neohesperidoside),Carica papaya,Papaya,Caricaceae,Leaf,Nigeria; Globally,5483200,CC1OC(OC2OCC(O)C(O)C2Oc2c(-c3ccc(O)cc3)oc3cc(O)cc(O)c3c2=O)C(O)C(O)C1O,DRASKKGWMIMUSD-UHFFFAOYSA-N,C26H28O14,564.496,-0.7536,8,14,228.97,5,3,Fail,"Antidiabetic, antioxidant",α-Glucosidase,10.31989/bchd.v6i6.1108,2023,Flavonoid Glycoside,Flavonoid,Bioactive Compounds in Health and Disease,Flavonoid constituent identified in C. papaya leaf.,Verified,0.423077,5,3,40,132.5244,0.190644,Fail,3,Fail
AFRO-0183,D-Mannitol,Carica papaya,Papaya,Caricaceae,Leaf,Nigeria; Globally,6251,OCC(O)C(O)C(O)C(O)CO,FBPFZTCFMRRESA-UHFFFAOYSA-N,C6H14O6,182.172,-3.5854,6,6,121.38,5,1,Pass,"Aldose Reductase inhibitor, antidiabetic potential",Aldose Reductase,10.31989/bchd.v6i6.1108,2023,Sugar Alcohol (Polyol),Carbohydrate,Bioactive Compounds in Health and Disease,Identified in leaf extract; targets polyol pathway enzymes.,Verified,1.0,0,0,12,38.1988,0.261263,Pass,3,Fail
AFRO-0184,Kaempferol 3-O-rutinoside,Carica papaya,Papaya,Caricaceae,Leaf,Nigeria; Globally,5318767,CC1OC(OCC2OC(Oc3c(-c4ccc(O)cc4)oc4cc(O)cc(O)c4c3=O)C(O)C(O)C2O)C(O)C(O)C1O,RTATXGUCZHCSNG-UHFFFAOYSA-N,C27H30O15,594.522,-1.3927,9,15,249.2,6,3,Fail,"Antidiabetic, antioxidant, α-glucosidase inhibitor","α-Glucosidase, Pancreatic β-cells",10.31989/bchd.v6i6.1108,2023,Flavonoid Glycoside,Flavonoid,Bioactive Compounds in Health and Disease,Kaempferol glycoside identified in C. papaya leaf extract.,Verified,0.444444,5,3,42,138.5312,0.159291,Fail,3,Fail
AFRO-0185,Isoquercetin (Quercetin 3-O-glucoside),Carica papaya,Papaya,Caricaceae,Leaf,Nigeria; Globally,5280804,O=c1c(OC2OC(CO)C(O)C(O)C2O)c(-c2ccc(O)c(O)c2)oc2cc(O)cc(O)c12,OVSQVDMCBVZWGM-UHFFFAOYSA-N,C21H20O12,464.379,-0.5389,8,12,210.51,4,2,Fail,"Antidiabetic, aldose reductase inhibitor, antioxidant","Aldose Reductase, α-Glucosidase",10.31989/bchd.v6i6.1108,2023,Flavonoid Glycoside,Flavonoid,Bioactive Compounds in Health and Disease,Quercetin glucoside in leaves; displays potent radical scavenging and antidiabetic potential.,Verified,0.285714,4,3,33,108.9744,0.228875,Fail,1,Fail
AFRO-0186,Luteolin 7-O-galactoside,Carica papaya,Papaya,Caricaceae,Leaf,Nigeria; Globally,5280637,O=c1cc(-c2ccc(O)c(O)c2)oc2cc(OC3OC(CO)C(O)C(O)C3O)cc(O)c12,PEFNSGRTCBGNAN-UHFFFAOYSA-N,C21H20O11,448.38,-0.2445,7,11,190.28,4,2,Fail,"Antidiabetic, antioxidant, α-glucosidase inhibitor",α-Glucosidase,10.31989/bchd.v6i6.1108,2023,Flavonoid Glycoside,Flavonoid,Bioactive Compounds in Health and Disease,Flavone glycoside present in C. papaya leaves.,Verified,0.285714,4,3,32,107.3096,0.260645,Fail,0,Pass
AFRO-0187,Isorhamnetin 3-O-beta-D-glucopyranoside,Carica papaya,Papaya,Caricaceae,Leaf,Nigeria; Globally,5318645,COc1cc(-c2oc3cc(O)cc(O)c3c(=O)c2OC2OC(CO)C(O)C(O)C2O)ccc1O,CQLRUIIRRZYHHS-UHFFFAOYSA-N,C22H22O12,478.406,-0.2359,7,12,199.51,5,2,Fail,"Antidiabetic, antioxidant, insulin sensitizer","Glucose uptake, α-Glucosidase",10.31989/bchd.v6i6.1108,2023,Flavonoid Glycoside,Flavonoid,Bioactive Compounds in Health and Disease,Isorhamnetin derivative in C. papaya leaves.,Verified,0.318182,4,3,34,113.8616,0.254313,Fail,0,Pass
AFRO-0188,"5,7-Dimethoxycoumarin (Citropten)",Carica papaya,Papaya,Caricaceae,Leaf,Nigeria; Globally,10766,COc1cc(OC)c2oc(=O)ccc2c1,UQUJRRZSWGUHRN-UHFFFAOYSA-N,C11H10O4,206.197,1.8102,0,4,48.67,2,0,Pass,"Antidiabetic, aldose reductase inhibitor, antioxidant",Aldose Reductase,10.31989/bchd.v6i6.1108,2023,Coumarin,Phenylpropanoid,Bioactive Compounds in Health and Disease,Coumarin derivative isolated from C. papaya leaves.,Verified,0.181818,2,2,15,55.588,0.702906,Pass,1,Fail
AFRO-0189,Loliolide,Carica papaya,Papaya,Caricaceae,Leaf,Nigeria; Globally,101880,CC1(C)CC2=CC(=O)OC2(C)C(O)C1,GGJGATJJLBTVJC-UHFFFAOYSA-N,C11H16O3,196.246,1.4092,1,3,46.53,0,0,Pass,"Antidiabetic, antioxidant, glucose regulation","α-Glucosidase, Insulin pathway",10.31989/bchd.v6i6.1108,2023,Monoterpenoid Lactone,Terpenoid,Bioactive Compounds in Health and Disease,Bioactive monoterpenoid lactone identified in papaya leaves.,Verified,0.727273,2,0,14,51.6018,0.595735,Pass,1,Fail
AFRO-0190,Linoleic Acid,Carica papaya,Papaya,Caricaceae,Seed / Juice,Nigeria; Globally,5280450,CCCCCC/C=C\C/C=C\CCCCCCCC(=O)O,BFXHARLBAGKNRH-NQLNTKRDSA-N,C19H34O2,294.479,6.2746,1,1,37.3,15,1,Pass,"Antidiabetic seed constituent, lipid regulator","α-Amylase, α-Glucosidase",10.31989/bchd.v6i6.1108,2023,Polyunsaturated Fatty Acid,Lipid,Bioactive Compounds in Health and Disease,Essential polyunsaturated fatty acid in C. papaya seed oil.,Verified,0.736842,0,0,21,91.6108,0.285111,Fail,1,Fail
AFRO-0191,Stearic Acid,Carica papaya,Papaya,Caricaceae,Seed / Juice,Nigeria; Globally,5281,CCCCCCCCCCCCCCCCCC(=O)O,QIQXTHQIDYTFRH-UHFFFAOYSA-N,C18H36O2,284.484,6.3325,1,1,37.3,16,1,Pass,Antidiabetic seed constituent,"α-Amylase, α-Glucosidase",10.31989/bchd.v6i6.1108,2023,Saturated Fatty Acid,Lipid,Bioactive Compounds in Health and Disease,Saturated fatty acid identified in seed extract GC-MS.,Verified,0.944444,0,0,20,87.1818,0.336042,Fail,1,Fail
AFRO-0192,alpha-Tocopherol (Vitamin E),Carica papaya,Papaya,Caricaceae,Seed / Leaf,Nigeria; Globally,14985,Cc1c(C)c2c(c(C)c1O)CCC(C)(CCCC(C)CCCC(C)CCCC(C)C)O2,GVJHHUAWPYXKBD-UHFFFAOYSA-N,C29H50O2,430.717,8.8403,1,2,29.46,12,1,Pass,"Antioxidant, protective against diabetic lipid peroxidation","Free radicals, lipid peroxidation",10.31989/bchd.v6i6.1108,2023,Tocopherol,Lipid,Bioactive Compounds in Health and Disease,Lipid-soluble antioxidant in C. papaya seed oil.,Verified,0.793103,2,1,31,134.3908,0.358644,Fail,2,Fail
AFRO-0193,Cryptoxanthin (beta-Cryptoxanthin),Carica papaya,Papaya,Caricaceae,Fruit / Leaf / Seed,Nigeria; Globally,5281235,CC1=C(/C=C/C(C)=C/C=C/C(C)=C/C=C/C=C(C)/C=C/C=C(C)/C=C/C2=C(C)CC(O)CC2(C)C)C(C)(C)CCC1,DMASLKHVQRHNES-QQGJMDNJSA-N,C40H56O,552.887,11.5766,1,1,20.23,10,2,Fail,"Antioxidant, protection against T2DM oxidative damage",Free radical scavenging,10.31989/bchd.v6i6.1108,2023,Xanthophyll Carotenoid,Lipid,Bioactive Compounds in Health and Disease,Pro-vitamin A xanthophyll in C. papaya fruit and leaves.,Verified,0.45,2,0,41,182.7818,0.267198,Pass,3,Fail
AFRO-0194,Methyl gallate,Carica papaya,Papaya,Caricaceae,Leaf,Nigeria; Globally,7428,COC(=O)c1cc(O)c(O)c(O)c1,FBSFWRHWHYMIOG-UHFFFAOYSA-N,C8H8O5,184.147,0.59,3,5,86.99,1,0,Pass,"Antioxidant, antidiabetic, radical scavenger","Free radicals, α-glucosidase",10.31989/bchd.v6i6.1108,2023,Phenolic Acid Ester,Phenolic Compound,Bioactive Compounds in Health and Disease,Phenolic ester identified in C. papaya leaves.,Verified,0.125,1,1,13,42.7759,0.438871,Pass,1,Fail
AFRO-0195,Orientin 7-O-rhamnoside,Carica papaya,Papaya,Caricaceae,Leaf,Nigeria; Globally,131751336,CC1OC(Oc2cc(O)c3c(c2)C(O)C(O)C(c2ccc(O)c(O)c2)O3)C(O)C(O)C1O,JEAWSKMOERQWCU-UHFFFAOYSA-N,C21H24O11,452.412,-0.4623,8,11,189.53,3,2,Fail,"Antidiabetic, antioxidant",α-Glucosidase,10.31989/bchd.v6i6.1108,2023,Flavone C-Glycoside,Flavonoid,Bioactive Compounds in Health and Disease,C-glycosyl flavonoid derivative present in papaya leaves.,Verified,0.428571,4,2,32,105.1974,0.281262,Fail,1,Fail
AFRO-0196,Rutin (Quercetin 3-O-rutinoside),Carica papaya,Papaya,Caricaceae,Leaf,Nigeria; Globally,5280805,CC1OC(OCC2OC(Oc3c(-c4ccc(O)c(O)c4)oc4cc(O)cc(O)c4c3=O)C(O)C(O)C2O)C(O)C(O)C1O,IKGXIBQEEMLURG-UHFFFAOYSA-N,C27H30O16,610.521,-1.6871,10,16,269.43,6,3,Fail,"Antidiabetic, pancreatic β-cell rejuvenation, antioxidant","Pancreatic β-cells, α-Glucosidase",10.31989/bchd.v6i6.1108,2023,Flavonoid Glycoside,Flavonoid,Bioactive Compounds in Health and Disease,Major flavonol glycoside in leaves; stimulates insulin secretion and rejuvenates β-cells.,Verified,0.444444,5,3,43,140.196,0.139518,Fail,3,Fail
AFRO-0197,Myricetin 3-rhamnoside (Myricitrin),Carica papaya,Papaya,Caricaceae,Leaf,Nigeria; Globally,5281673,CC1OC(Oc2c(-c3cc(O)c(O)c(O)c3)oc3cc(O)cc(O)c3c2=O)C(O)C(O)C1O,DCYOADKBABEMIQ-UHFFFAOYSA-N,C21H20O12,464.379,0.1943,8,12,210.51,3,2,Fail,"Antidiabetic, antioxidant, aldose reductase inhibitor","Aldose Reductase, α-Glucosidase",10.31989/bchd.v6i6.1108,2023,Flavonoid Glycoside,Flavonoid,Bioactive Compounds in Health and Disease,Myricetin glycoside identified in leaf extracts.,Verified,0.285714,4,3,33,109.2274,0.244255,Fail,0,Pass
AFRO-0198,Nicotiflorin (Kaempferol 3-O-rutinoside),Carica papaya,Papaya,Caricaceae,Leaf,Nigeria; Globally,5318767,CC1OC(OCC2OC(Oc3c(-c4ccc(O)cc4)oc4cc(O)cc(O)c4c3=O)C(O)C(O)C2O)C(O)C(O)C1O,RTATXGUCZHCSNG-UHFFFAOYSA-N,C27H30O15,594.522,-1.3927,9,15,249.2,6,3,Fail,"Antidiabetic, α-glucosidase inhibitor, antioxidant",α-Glucosidase,10.31989/bchd.v6i6.1108,2023,Flavonoid Glycoside,Flavonoid,Bioactive Compounds in Health and Disease,Kaempferol rutinoside constituent of leaves.,Verified,0.444444,5,3,42,138.5312,0.159291,Fail,3,Fail
AFRO-0199,Clitorin (Kaempferol 3-O-rutinoside-7-O-rhamnoside derivative),Carica papaya,Papaya,Caricaceae,Leaf,Nigeria; Globally,11813834,CC1OC(OCC2OC(Oc3c(-c4ccc(O)cc4)oc4cc(OC5OC(C)C(O)C(O)C5O)cc(O)c4c3=O)C(O)C(O)C2O)C(O)C(O)C1O,PEFASEPMJYRQBW-UHFFFAOYSA-N,C33H40O19,740.664,-2.892,11,19,308.12,8,3,Fail,"Antidiabetic, antioxidant",α-Glucosidase,10.31989/bchd.v6i6.1108,2023,Flavonoid Glycoside,Flavonoid,Bioactive Compounds in Health and Disease,Multiglycosylated kaempferol derivative in papaya leaves.,Verified,0.545455,6,3,52,169.8498,0.110405,Fail,3,Fail
AFRO-0200,Choline,Carica papaya,Papaya,Caricaceae,Leaf,Nigeria; Globally,305,C[N+](C)(C)CCO,OEYIOHPDSNJKLS-UHFFFAOYSA-N,C5H14NO+,104.173,-0.3151,1,1,20.23,2,0,Pass,"Lipotropic, antidiabetic nutrient, hepatic protective","Lipid metabolism, liver insulin signaling",10.31989/bchd.v6i6.1108,2023,Quaternary Ammonium Compound,Nitrogenous Compound,Bioactive Compounds in Health and Disease,Essential lipotropic amine present in leaf extract.,Verified,1.0,0,0,7,29.9852,0.476184,Pass,3,Fail
AFRO-0201,p-Coumaric Acid,Carica papaya,Papaya,Caricaceae,Leaf,Nigeria; Globally,637542,O=C(O)/C=C/c1ccc(O)cc1,NGSWKAQJJWESNS-ZZXKWVIFSA-N,C9H8O3,164.16,1.49,2,2,57.53,2,0,Pass,"Antidiabetic, glucose uptake enhancer, antioxidant","GLUT4 translocation, α-glucosidase",10.31989/bchd.v6i6.1108,2023,Hydroxycinnamic Acid,Phenolic Compound,Bioactive Compounds in Health and Disease,Phenolic acid constituent in leaves.,Verified,0.0,1,1,12,44.7766,0.650834,Pass,1,Fail
AFRO-0202,Caffeic Acid,Carica papaya,Papaya,Caricaceae,Leaf,Nigeria; Globally,689043,O=C(O)/C=C/c1ccc(O)c(O)c1,QAIPRVGONGVQAS-DUXPYHPUSA-N,C9H8O4,180.159,1.1956,3,3,77.76,2,0,Pass,"Antidiabetic, hepatic glucose output inhibitor, antioxidant","Glucose-6-phosphatase, α-Glucosidase",10.31989/bchd.v6i6.1108,2023,Hydroxycinnamic Acid,Phenolic Compound,Bioactive Compounds in Health and Disease,Potent dietary phenolic acid in papaya leaf extract.,Verified,0.0,1,1,13,46.4414,0.471621,Pass,1,Fail
AFRO-0203,Chlorogenic Acid,Carica papaya,Papaya,Caricaceae,Leaf,Nigeria; Globally,1794427,O=C(/C=C/c1ccc(O)c(O)c1)OC1CC(O)C(O)CC1(O)C(=O)O,CSJDRVFLXVZYSA-DUXPYHPUSA-N,C16H18O9,354.311,-0.6459,6,8,164.75,4,1,Pass,"Antidiabetic, glucose-6-phosphatase inhibitor, α-glucosidase inhibitor","Glucose-6-Phosphatase, α-Glucosidase",10.31989/bchd.v6i6.1108,2023,Caffeoylquinic Acid,Phenolic Compound,Bioactive Compounds in Health and Disease,Key hydroxycinnamic acid ester in C. papaya leaves.,Verified,0.375,2,1,25,82.5188,0.234085,Fail,1,Fail
AFRO-0204,Protocatechuic Acid,Carica papaya,Papaya,Caricaceae,Leaf,Nigeria; Globally,72,O=C(O)c1ccc(O)c(O)c1,YQUVCSBJEUQKSH-UHFFFAOYSA-N,C7H6O4,154.121,0.796,3,3,77.76,1,0,Pass,"Antidiabetic, insulin-mimetic, antioxidant","Insulin receptor, free radicals",10.31989/bchd.v6i6.1108,2023,Dihydroxybenzoic Acid,Phenolic Compound,Bioactive Compounds in Health and Disease,Dihydroxybenzoic acid in leaves; exhibits insulin-like metabolic actions.,Verified,0.0,1,1,11,36.7309,0.522491,Pass,3,Fail
AFRO-0205,Ferulic Acid,Carica papaya,Papaya,Caricaceae,Leaf,Nigeria; Globally,445858,COc1cc(/C=C/C(=O)O)ccc1O,KSEBMYQBYZTDHS-HWKANZROSA-N,C10H10O4,194.186,1.4986,2,3,66.76,3,0,Pass,"Antidiabetic, blood glucose lowering, antioxidant","Pancreatic β-cells, α-Glucosidase",10.31989/bchd.v6i6.1108,2023,Hydroxycinnamic Acid,Phenolic Compound,Bioactive Compounds in Health and Disease,Ferulic acid isomer present in C. papaya leaf extract.,Verified,0.1,1,1,14,51.3286,0.71532,Pass,1,Fail
AFRO-0206,Lycopene,Carica papaya,Papaya,Caricaceae,Leaf / Fruit,Nigeria; Globally,446925,CC(=CCCC(=CC=CC(=CC=CC(=CC=CC=C(C)C=CC=C(C)C=CC=C(C)CCC=C(C)C)C)C)C)C,OAIJSZIZWZSQBC-UHFFFAOYSA-N,C40H56,536.888,12.938,0,0,0.0,16,2,Fail,"Antioxidant, protective against diabetic complications","Free radicals, ROS",10.31989/bchd.v6i6.1108,2023,Acyclic Carotenoid,Lipid,Bioactive Compounds in Health and Disease,Carotenoid antioxidant present in papaya pulp and leaves.,Verified,0.35,0,0,40,185.572,0.135851,Fail,3,Fail
AFRO-0207,Zeaxanthin,Carica papaya,Papaya,Caricaceae,Leaf / Fruit,Nigeria; Globally,5280899,CC1=C(/C=C/C(C)=C/C=C/C(C)=C/C=C/C=C(C)/C=C/C=C(C)/C=C/C2=C(O)CC(C)(C)CC2)C(C)(C)CC(O)C1,UEYVOKZPWATDOG-XZLQINKOSA-N,C39H54O2,554.859,11.0722,2,2,40.46,10,2,Fail,"Antioxidant, protection against diabetic retinopathy","Retinal oxidative stress, ROS",10.31989/bchd.v6i6.1108,2023,Xanthophyll Carotenoid,Lipid,Bioactive Compounds in Health and Disease,Oxygenated carotenoid in fruit and leaves.,Verified,0.435897,2,0,41,179.7366,0.263649,Pass,3,Fail
AFRO-0208,beta-Carotene,Carica papaya,Papaya,Caricaceae,Leaf / Seed / Fruit,Nigeria; Globally,5280489,CC1=C(/C=C/C(C)=C/C=C/C(C)=C/C=C/C=C(C)/C=C/C=C(C)/C=C/C2=C(C)CCCC2(C)C)C(C)(C)CCC1,OENHQHLEOONYIE-JLTXGRSLSA-N,C40H56,536.888,12.6058,0,0,0.0,10,2,Fail,"Antioxidant, glucose regulation, pro-vitamin A","Oxidative stress, lipid peroxidation",10.31989/bchd.v6i6.1108,2023,Pro-vitamin A Carotenoid,Lipid,Bioactive Compounds in Health and Disease,Major hydrocarbon carotenoid across C. papaya tissues.,Verified,0.45,2,0,40,181.392,0.243513,Pass,3,Fail
AFRO-0209,Phytol,Carica papaya,Papaya,Caricaceae,Leaf,Nigeria; Globally,5280435,CC(=CCO)CCCC(C)CCCC(C)CCCC(C)C,BOTWFXYSPFMFNR-UHFFFAOYSA-N,C20H40O,296.539,6.3641,1,1,20.23,13,1,Pass,"Antidiabetic, aldose reductase inhibitor, antioxidant",Aldose Reductase,10.31989/bchd.v6i6.1108,2023,Diterpene Alcohol,Terpenoid,Bioactive Compounds in Health and Disease,Diterpene constituent of leaves with aldose reductase inhibition.,Verified,0.9,0,0,21,95.5618,0.391756,Fail,1,Fail
AFRO-0210,Benzyl isothiocyanate,Carica papaya,Papaya,Caricaceae,Seed / Root / Leaf,Nigeria; Globally,2346,S=C=NCc1ccccc1,MDKCFLQDBWCQCV-UHFFFAOYSA-N,C8H7NS,149.218,2.2894,0,2,12.36,2,0,Pass,"Antidiabetic, insulin sensitizing, anti-inflammatory","Insulin receptor, NF-kB",10.31989/bchd.v6i6.1108,2023,Isothiocyanate,Organosulfur Compound,Bioactive Compounds in Health and Disease,Bioactive breakdown product of benzylglucosinolate in seeds/roots.,Verified,0.125,1,1,10,45.172,0.463944,Pass,2,Fail
AFRO-0211,Beta-Sitosterol,Carica papaya,Papaya,Caricaceae,Seed / Stem bark,Nigeria; Globally,222284,CCC(CCC(C)C1CCC2C3CC=C4CC(O)CCC4(C)C3CCC12C)C(C)C,KZJWDPNRJALLNS-UHFFFAOYSA-N,C29H50O,414.718,8.0248,1,1,20.23,6,1,Pass,"Antidiabetic, hypolipidemic, insulin release promoter","Pancreatic β-cells, lipid profile",10.31989/bchd.v6i6.1108,2023,Phytosterol,Steroid,Bioactive Compounds in Health and Disease,Plant sterol found in seeds and stem bark with blood glucose lowering activity.,Verified,0.931034,4,0,30,128.2168,0.436096,Pass,1,Fail
AFRO-0212,Palmitic acid (Hexadecanoic acid),Carica papaya,Papaya,Caricaceae,Seed / Juice,Nigeria; Globally,985,CCCCCCCCCCCCCCCC(=O)O,IPCSVZSSVZVIGE-UHFFFAOYSA-N,C16H32O2,256.43,5.5523,1,1,37.3,14,1,Pass,"Antidiabetic seed constituent, α-glucosidase inhibitor","α-Glucosidase, α-Amylase",10.31989/bchd.v6i6.1108,2023,Saturated Fatty Acid,Lipid,Bioactive Compounds in Health and Disease,Abundant saturated fatty acid in papaya seed oil.,Verified,0.9375,0,0,18,77.9478,0.41349,Fail,1,Fail
AFRO-0213,Palmitic acid,Carica papaya,Papaya,Caricaceae,Seed / Juice,Nigeria; Globally,985,CCCCCCCCCCCCCCCC(=O)O,IPCSVZSSVZVIGE-UHFFFAOYSA-N,C16H32O2,256.43,5.5523,1,1,37.3,14,1,Pass,Antidiabetic seed fatty acid constituent,Carbohydrate metabolism,10.31989/dsn.v1i9.991,2022,Saturated Fatty Acid,Lipid,Dietary Supplements and Nutraceuticals,Fatty acid component of seeds and juice with antidiabetic potential.,Verified,0.9375,0,0,18,77.9478,0.41349,Fail,1,Fail
AFRO-0214,Ascorbic acid (Vitamin C),Carica papaya,Papaya,Caricaceae,Fruit / Leaf,Nigeria; Globally,54670067,O=C1OC(C(O)CO)C(O)=C1O,CIWBSHSKHKDKBQ-UHFFFAOYSA-N,C6H8O6,176.124,-1.4074,4,6,107.22,2,0,Pass,"Antioxidant, protective against diabetic oxidative stress","Free radicals, ROS",10.31989/dsn.v1i9.991,2022,Water-soluble Vitamin,Vitamin,Dietary Supplements and Nutraceuticals,Antioxidant vitamin mitigating free radical damage associated with diabetes.,Verified,0.5,1,0,12,35.2562,0.385005,Pass,3,Fail
AFRO-0215,Tocopherol (Vitamin E),Carica papaya,Papaya,Caricaceae,Leaf / Seed,Nigeria; Globally,14985,Cc1c(C)c2c(c(C)c1O)CCC(C)(CCCC(C)CCCC(C)CCCC(C)C)O2,GVJHHUAWPYXKBD-UHFFFAOYSA-N,C29H50O2,430.717,8.8403,1,2,29.46,12,1,Pass,"Antioxidant, inhibits diabetic lipid peroxidation","Lipid peroxidation, ROS",10.31989/dsn.v1i9.991,2022,Tocopherol,Lipid,Dietary Supplements and Nutraceuticals,Antioxidant vitamin protecting cellular membranes in diabetes.,Verified,0.793103,2,1,31,134.3908,0.358644,Fail,2,Fail
AFRO-0216,Oleic acid,Carica papaya,Papaya,Caricaceae,Seeds,Nigeria; Globally,445639,CCCCCCCC/C=C\CCCCCCCC(=O)O,ZQPPMHVWECSIRJ-KTKRTIGZSA-N,C18H34O2,282.468,6.1085,1,1,37.3,15,1,Pass,"Antidiabetic, α-amylase & α-glucosidase inhibitor","α-Amylase, α-Glucosidase",10.1016/j.crbiot.2020.11.001,2020,Monounsaturated Fatty Acid,Lipid,Current Research in Biotechnology,Bioactive seed constituent reported in Agada et al. (2020) to inhibit α-amylase and α-glucosidase enzymes.,Verified,0.833333,0,0,20,87.0878,0.290517,Fail,1,Fail
AFRO-0217,Octadecanoic acid (Stearic acid),Carica papaya,Papaya,Caricaceae,Seeds / Unripe fruit,Nigeria; Globally,5281,CCCCCCCCCCCCCCCCCC(=O)O,QIQXTHQIDYTFRH-UHFFFAOYSA-N,C18H36O2,284.484,6.3325,1,1,37.3,16,1,Pass,"Antidiabetic, carbohydrate digestive enzyme inhibitor","α-Amylase, α-Glucosidase",10.1016/j.crbiot.2020.11.001,2020,Saturated Fatty Acid,Lipid,Current Research in Biotechnology,Fatty acid component of seeds and fruit exhibiting enzyme inhibitory activity relevant to glycemic control.,Verified,0.944444,0,0,20,87.1818,0.336042,Fail,1,Fail
AFRO-0218,n-Hexadecanoic acid (Palmitic acid),Carica papaya,Papaya,Caricaceae,Seeds,Nigeria; Globally,985,CCCCCCCCCCCCCCCC(=O)O,IPCSVZSSVZVIGE-UHFFFAOYSA-N,C16H32O2,256.43,5.5523,1,1,37.3,14,1,Pass,"Antidiabetic, α-glucosidase inhibitor",α-Glucosidase,10.1016/j.crbiot.2020.11.001,2020,Saturated Fatty Acid,Lipid,Current Research in Biotechnology,Seed fatty acid constituent shown to inhibit carbohydrate digestive enzymes.,Verified,0.9375,0,0,18,77.9478,0.41349,Fail,1,Fail
AFRO-0219,"11-Octadecenoic acid, methyl ester",Carica papaya,Papaya,Caricaceae,Seeds,Nigeria; Globally,5364522,CCCCCC/C=C\CCCCCCCCCC(=O)OC,PVVODBCDJBGMJL-HJWRWDBZSA-N,C19H36O2,296.495,6.1969,0,2,26.3,15,1,Pass,Antidiabetic seed constituent,"α-Amylase, α-Glucosidase",10.1016/j.crbiot.2020.11.001,2020,Fatty Acid Methyl Ester,Lipid,Current Research in Biotechnology,Unsaturated fatty acid ester in seed extract with documented antidiabetic enzyme inhibition.,Verified,0.842105,0,0,21,91.468,0.204273,Fail,1,Fail
AFRO-0220,Quercetin,Carica papaya,Papaya,Caricaceae,Leaves / Fruit,Nigeria; Globally,5280343,O=c1c(O)c(-c2ccc(O)c(O)c2)oc2cc(O)cc(O)c12,REFJWTPEDVJJIY-UHFFFAOYSA-N,C15H10O7,302.238,1.988,5,7,131.36,1,0,Pass,"Hypoglycemic, antioxidant, insulin sensitizer","α-Glucosidase, GLUT4",10.1016/j.crbiot.2020.11.001,2020,Flavonol,Flavonoid,Current Research in Biotechnology,Flavonoid constituent in leaves/pulp implicated in glucose homeostasis and antidiabetic activity.,Verified,0.0,3,3,22,76.244,0.43419,Pass,0,Pass
AFRO-0221,β-Sitosterol,Momordica charantia,Bitter Melon,Cucurbitaceae,Fruit; Leaf,Nigeria; Globally,222284,CCC(CCC(C)C1CCC2C3CC=C4CC(O)CCC4(C)C3CCC12C)C(C)C,KZJWDPNRJALLNS-UHFFFAOYSA-N,C29H50O,414.718,8.0248,1,1,20.23,6,1,Pass,Antidiabetic,Diabetes mellitus,10.1016/j.heliyon.2022.e09253,2022,Phytosterol,Steroid,Heliyon Review,Listed phytosterol,Verified,0.931034,4,0,30,128.2168,0.436096,Pass,1,Fail
AFRO-0222,Campesterol,Momordica charantia,Bitter Melon,Cucurbitaceae,Fruit; Leaf,Nigeria; Globally,173183,CC(C)C(C)CCC(C)C1CCC2C1(CCC3C2CC=C4C3(CCC(C4)O)C)C,SGNBVLSWZMBQTH-UHFFFAOYSA-N,C28H48O,400.691,7.6347,1,1,20.23,5,1,Pass,Antidiabetic,Diabetes mellitus,10.1016/j.heliyon.2022.e09253,2022,Phytosterol,Steroid,Heliyon Review,Listed phytosterol,Verified,0.928571,4,0,29,123.5998,0.470129,Pass,1,Fail
AFRO-0223,Stigmasterol,Momordica charantia,Bitter Melon,Cucurbitaceae,Fruit; Leaf,Nigeria; Globally,5280794,CCC(C=CC(C)C1CCC2C3CC=C4CC(O)CCC4(C)C3CCC12C)C(C)C,HCXVJBMSMIARIN-UHFFFAOYSA-N,C29H48O,412.702,7.8008,1,1,20.23,5,1,Pass,Antidiabetic,Diabetes mellitus,10.1016/j.heliyon.2022.e09253,2022,Sterol Glycoside,Steroid,Heliyon Review,Listed phytosterol,Verified,0.862069,4,0,30,128.1228,0.4566,Pass,1,Fail
AFRO-0224,Daucosterol,Momordica charantia,Bitter Melon,Cucurbitaceae,Fruit; Leaf,Nigeria; Globally,5742590,CCC(CCC(C)C1CCC2C1(CCC3C2CC=C4C3(CCC(C4)OC5C(C(C(C(O5)CO)O)O)O)C)C)C(C)C,NPJICTMALKLTFW-UHFFFAOYSA-N,C35H60O6,576.859,5.849,4,6,99.38,9,2,Fail,Antidiabetic,Diabetes mellitus,10.1016/j.heliyon.2022.e09253,2022,Steroidal Sapogenin,Steroid,Heliyon Review,Listed phytosterol,Verified,0.942857,5,0,41,160.8502,0.257173,Pass,3,Fail
AFRO-0225,Diosgenin,Momordica charantia,Bitter Melon,Cucurbitaceae,Fruit; Leaf,Nigeria; Globally,99474,CC1C2C(CC3C2(CCC4C3CC=C5CC(CCC45C)O)C)OC14CCC(CO4)C,WQLVFSAGQJTQCK-UHFFFAOYSA-N,C27H42O3,414.63,5.7139,1,3,38.69,0,1,Pass,"Antioxidant, Antidiabetic",Diabetes mellitus,10.1016/j.heliyon.2022.e09253,2022,Phenolic Acid,Phenolic Compound,Heliyon Review,Phenolic constituent,Verified,0.925926,6,0,30,117.7008,0.515749,Pass,1,Fail
AFRO-0226,Gallic Acid,Momordica charantia,Bitter Melon,Cucurbitaceae,Fruit; Leaf,Nigeria; Globally,370,O=C(O)c1cc(O)c(O)c(O)c1,LNTHITQWFMADLM-UHFFFAOYSA-N,C7H6O5,170.12,0.5016,4,4,97.99,1,0,Pass,"Antioxidant, Antidiabetic",Diabetes mellitus,10.1016/j.heliyon.2022.e09253,2022,Phenolic Acid,Phenolic Compound,Heliyon Review,Phenolic constituent,Verified,0.0,1,1,12,38.3957,0.459888,Pass,2,Fail
AFRO-0227,Chlorogenic Acid,Momordica charantia,Bitter Melon,Cucurbitaceae,Fruit; Leaf,Nigeria; Globally,1794427,C1[C@H]([C@H]([C@@H](C[C@@]1(C(=O)O)O)OC(=O)/C=C/C2=CC(=C(C=C2)O)O)O)O,CWVRJTMFETXNAD-JUHZACGLSA-N,C16H18O9,354.311,-0.6459,6,8,164.75,4,1,Pass,"Antioxidant, Antidiabetic",Diabetes mellitus,10.1016/j.heliyon.2022.e09253,2022,Phenolic Acid,Phenolic Compound,Heliyon Review,Phenolic constituent,Verified,0.375,2,1,25,82.5188,0.234085,Fail,1,Fail
AFRO-0228,Caffeic Acid,Momordica charantia,Bitter Melon,Cucurbitaceae,Fruit; Leaf,Nigeria; Globally,689043,O=C(O)C=Cc1ccc(O)c(O)c1,QAIPRVGONGVQAS-UHFFFAOYSA-N,C9H8O4,180.159,1.1956,3,3,77.76,2,0,Pass,Antioxidant,Oxidative stress,10.1016/j.heliyon.2022.e09253,2022,Flavonoid,Flavonoid,Heliyon Review,Phenolic constituent,Verified,0.0,1,1,13,46.4414,0.471621,Pass,1,Fail
AFRO-0229,Catechin,Momordica charantia,Bitter Melon,Cucurbitaceae,Fruit; Leaf,Nigeria; Globally,9064,Oc1cc(O)c2c(c1)OC(c1ccc(O)c(O)c1)C(O)C2,PFTAWBLQPZVEMU-UHFFFAOYSA-N,C15H14O6,290.271,1.5461,5,6,110.38,1,0,Pass,Antioxidant,Oxidative stress,10.1016/j.heliyon.2022.e09253,2022,Flavonoid,Flavonoid,Heliyon Review,Phenolic constituent,Verified,0.2,3,2,21,72.623,0.509593,Pass,0,Pass
AFRO-0230,Epicatechin,Momordica charantia,Bitter Melon,Cucurbitaceae,Fruit; Leaf,Nigeria; Globally,72276,Oc1cc(O)c2c(c1)O[C@H](c1ccc(O)c(O)c1)[C@H](O)C2,PFTAWBLQPZVEMU-UKRRQHHQSA-N,C15H14O6,290.271,1.5461,5,6,110.38,1,0,Pass,"Antioxidant, Antidiabetic",Diabetes mellitus,10.1016/j.heliyon.2022.e09253,2022,Flavonoid,Flavonoid,Heliyon Review,"Phenolic constituent | CORRECTED: stereo-descriptors were lost during standardization, causing collapse onto Catechin's achiral SMILES; restored (2R,3R)-epicatechin stereochemistry per literature/PubChem CID 72276.",Verified,0.2,3,2,21,72.623,0.509593,Pass,0,Pass
AFRO-0231,Quercetin,Momordica charantia,Bitter Melon,Cucurbitaceae,Fruit; Leaf,Nigeria; Globally,5280343,O=c1c(O)c(-c2ccc(O)c(O)c2)oc2cc(O)cc(O)c12,REFJWTPEDVJJIY-UHFFFAOYSA-N,C15H10O7,302.238,1.988,5,7,131.36,1,0,Pass,Antioxidant,Oxidative stress,10.1016/j.heliyon.2022.e09253,2022,Flavonoid,Flavonoid,Heliyon Review,Phenolic constituent,Verified,0.0,3,3,22,76.244,0.43419,Pass,0,Pass
AFRO-0232,Kaempferol,Momordica charantia,Bitter Melon,Cucurbitaceae,Fruit; Leaf,Nigeria; Globally,5280863,O=c1c(O)c(-c2ccc(O)cc2)oc2cc(O)cc(O)c12,IYRMWMYZSQPJKC-UHFFFAOYSA-N,C15H10O6,286.239,2.2824,4,6,111.13,1,0,Pass,"Antioxidant, Antidiabetic",Diabetes mellitus,10.1016/j.heliyon.2022.e09253,2022,Flavonoid Glycoside,Flavonoid,Heliyon Review,Phenolic constituent,Verified,0.0,3,3,21,74.5792,0.545851,Pass,0,Pass
AFRO-0233,Rutin,Momordica charantia,Bitter Melon,Cucurbitaceae,Fruit; Leaf,Nigeria; Globally,5280805,CC1OC(OCC2OC(Oc3c(-c4ccc(O)c(O)c4)oc4cc(O)cc(O)c4c3=O)C(O)C(O)C2O)C(O)C(O)C1O,IKGXIBQEEMLURG-UHFFFAOYSA-N,C27H30O16,610.521,-1.6871,10,16,269.43,6,3,Fail,Antioxidant,Oxidative stress,10.1016/j.heliyon.2022.e09253,2022,Flavonoid Glycoside,Flavonoid,Heliyon Review,Phenolic constituent,Verified,0.444444,5,3,43,140.196,0.139518,Fail,3,Fail
AFRO-0234,Isoquercitrin,Momordica charantia,Bitter Melon,Cucurbitaceae,Fruit; Leaf,Nigeria; Globally,5280804,O=c1c(OC2OC(CO)C(O)C(O)C2O)c(-c2ccc(O)c(O)c2)oc2cc(O)cc(O)c12,OVSQVDMCBVZWGM-UHFFFAOYSA-N,C21H20O12,464.379,-0.5389,8,12,210.51,4,2,Fail,Antioxidant,Oxidative stress,10.1016/j.heliyon.2022.e09253,2022,Polyphenol,Phenolic Compound,Heliyon Review,Phenolic constituent,Verified,0.285714,4,3,33,108.9744,0.228875,Fail,1,Fail
AFRO-0235,Ellagic Acid,Momordica charantia,Bitter Melon,Cucurbitaceae,Fruit; Leaf,Ghana; Egypt; Nigeria,5281855,C1=C2C3=C(C(=C1O)O)OC(=O)C4=CC(=C(C(=C43)OC2=O)O)O,AFSDNFLWKVMVRB-UHFFFAOYSA-N,C14H6O8,302.194,1.3128,4,8,141.34,0,0,Pass,Antioxidant,Oxidative stress,10.1016/j.heliyon.2022.e09253,2022,Phenolic Acid,Phenolic Compound,Heliyon Review,Phenolic constituent,Verified,0.0,4,4,22,73.8772,0.216285,Fail,0,Pass
AFRO-0236,Ferulic Acid,Momordica charantia,Bitter Melon,Cucurbitaceae,Fruit; Leaf,Ghana; Egypt; Nigeria,445858,COc1cc(/C=C/C(=O)O)ccc1O,KSEBMYQBYZTDHS-HWKANZROSA-N,C10H10O4,194.186,1.4986,2,3,66.76,3,0,Pass,Antioxidant,Oxidative stress,10.1016/j.heliyon.2022.e09253,2022,Phenolic Acid,Phenolic Compound,Heliyon Review,Phenolic constituent,Verified,0.1,1,1,14,51.3286,0.71532,Pass,1,Fail
AFRO-0237,Protocatechuic Acid,Momordica charantia,Bitter Melon,Cucurbitaceae,Fruit; Leaf,Ghana; Egypt; Nigeria,72,O=C(O)c1ccc(O)c(O)c1,YQUVCSBJEUQKSH-UHFFFAOYSA-N,C7H6O4,154.121,0.796,3,3,77.76,1,0,Pass,Antioxidant,Oxidative stress,10.1016/j.heliyon.2022.e09253,2022,Phenolic Acid,Phenolic Compound,Heliyon Review,Phenolic constituent,Verified,0.0,1,1,11,36.7309,0.522491,Pass,3,Fail
AFRO-0238,Vanillic Acid,Momordica charantia,Bitter Melon,Cucurbitaceae,Fruit; Leaf,Ghana; Egypt; Nigeria,8468,COc1cc(C(=O)O)ccc1O,WKOLLVMJNQIZCI-UHFFFAOYSA-N,C8H8O4,168.148,1.099,2,3,66.76,2,0,Pass,Antioxidant,Oxidative stress,10.1016/j.heliyon.2022.e09253,2022,Phenolic Acid,Phenolic Compound,Heliyon Review,Phenolic constituent,Verified,0.125,1,1,12,41.6181,0.693399,Pass,1,Fail
AFRO-0239,p-Coumaric Acid,Momordica charantia,Bitter Melon,Cucurbitaceae,Fruit; Leaf,Ghana; Egypt; Nigeria,637542,O=C(O)C=Cc1ccc(O)cc1,NGSWKAQJJWESNS-UHFFFAOYSA-N,C9H8O3,164.16,1.49,2,2,57.53,2,0,Pass,Antioxidant,Oxidative stress,10.1016/j.heliyon.2022.e09253,2022,Flavonoid,Flavonoid,Heliyon Review,Phenolic constituent,Verified,0.0,1,1,12,44.7766,0.650834,Pass,1,Fail
AFRO-0240,Myricetin,Parquetina nigrescens,Ogbo,Asclepiadaceae,"Fruits, Leave",Nigeria,5281672,O=c1c(O)c(-c2cc(O)c(O)c(O)c2)oc2cc(O)cc(O)c12,IKMDFBPHZNJCSN-UHFFFAOYSA-N,C15H10O8,318.237,1.6936,6,8,151.59,1,1,Pass,Antidiabetic; best docking hit,"α-Amylase, α-Glucosidase, SGLT2, PPAR-γ, 11β-HSD, DPP-IV",10.1177/11779322231223857,2024,Flavonoid glycoside,Flavonoid,"Ayoola et al., 2024",Best binder against all investigated diabetes targets.,Verified,0.0,3,3,23,77.9088,0.37075,Fail,0,Pass
AFRO-0241,Convallatoxin,Parquetina nigrescens,Ogbo,Asclepiadaceae,"Fruits, Leave",Nigeria,443926,CC1OC(OC2CC(O)C3(O)C(CCC4C3CCC3(C=O)C(C5=CC(=O)OC5)C(O)CC43O)C2)C(O)C(O)C1O,UUGRGPZFFDJCDI-UHFFFAOYSA-N,C28H40O12,568.616,-1.6985,7,12,203.44,4,3,Fail,Antidiabetic constituent,Not specified,10.1177/11779322231223857,2024,Cardiac glycoside,Steroid,Literature cited in paper,Previously isolated from ethyl acetate root bark fraction.,Verified,0.857143,6,0,40,132.9596,0.115247,Fail,3,Fail
AFRO-0242,Nigrescigenin,Parquetina nigrescens,Ogbo,Asclepiadaceae,"Fruits, Leave",Nigeria,101855610,CC12CCC(O)CC1C1CCC3(O)C(C4=CC(=O)OC4)CCC3(O)C1=CC2=O,GWNHTBQCFJLWJT-UHFFFAOYSA-N,C22H28O6,388.46,1.4282,3,6,104.06,1,0,Pass,Not specified,Not specified,10.1177/11779322231223857,2024,Steroidal constituent,Steroid,Literature cited in paper,Previously isolated compound.,Verified,0.727273,5,0,28,98.9344,0.587275,Pass,0,Pass
AFRO-0243,Periplogenin,Parquetina nigrescens,Ogbo,Asclepiadaceae,"Fruits, Leave",Nigeria,441829,CC12CCC(O)CC1C1CCC3(O)C(C4=CC(=O)OC4)CCC3(O)C1CCC2O,SOSFBBHTXJATJS-UHFFFAOYSA-N,C23H34O6,406.519,1.69,4,6,107.22,1,0,Pass,Not specified,Not specified,10.1177/11779322231223857,2024,Steroidal constituent,Steroid,Literature cited in paper,Previously isolated compound.,Verified,0.869565,5,0,29,104.5752,0.493872,Pass,0,Pass
AFRO-0244,Strophantidin,Parquetina nigrescens,Ogbo,Asclepiadaceae,"Fruits, Leave",Nigeria,441865,O=CC12CCC3C4CC(O)C(O)CC4(O)CCC3C1(O)CC(O)C2C1=CC(=O)OC1,ORYGYPKFKSBNAN-UHFFFAOYSA-N,C22H30O8,422.474,-0.5503,5,8,144.52,2,0,Pass,Not specified,Not specified,10.1177/11779322231223857,2024,Cardiac glycoside,Steroid,Literature cited in paper,Previously isolated compound.,Verified,0.818182,5,0,30,101.738,0.294487,Fail,1,Fail
AFRO-0245,Strophantidol,Parquetina nigrescens,Ogbo,Asclepiadaceae,"Fruits, Leave",Nigeria,119827,O=C1C=C(C2C(O)CC3(O)C4CCC5(O)CC(O)C(O)CC5C4CCC23CO)CO1,ZBENKQSDTNNGCC-UHFFFAOYSA-N,C22H32O8,424.49,-0.7569,6,8,147.68,2,1,Pass,Not specified,Not specified,10.1177/11779322231223857,2024,Cardiac glycoside,Steroid,Literature cited in paper,Previously isolated compound.,Verified,0.863636,5,0,30,102.7598,0.317197,Fail,1,Fail
AFRO-0246,16-Acetyl strophantidin,Parquetina nigrescens,Ogbo,Asclepiadaceae,"Fruits, Leave",Nigeria,12305342,CC(=O)OC1CC2(CC1O)C(O)CCC1C2CCC2(C=O)C(C3=CC(=O)OC3)C(O)CC12O,ZNZLHRPHHUBAFA-UHFFFAOYSA-N,C24H32O9,464.511,0.0205,4,9,150.59,3,0,Pass,Not specified,Not specified,10.1177/11779322231223857,2024,Cardiac glycoside derivative,Steroid,Literature cited in paper,Previously isolated compound.,Verified,0.791667,5,0,33,111.2852,0.334688,Fail,0,Pass
AFRO-0247,16-Hydrostrophantidin,Parquetina nigrescens,Ogbo,Asclepiadaceae,"Fruits, Leave",Nigeria,101340,O=CC12CCC3C4CC(O)C(O)CC4(O)CCC3C1(O)C(O)C(O)C2C1=CC(=O)OC1,KQKAXZOXYXQJKW-UHFFFAOYSA-N,C22H30O9,438.473,-1.5795,6,9,164.75,2,1,Pass,Not specified,Not specified,10.1177/11779322231223857,2024,Cardiac glycoside derivative,Steroid,Literature cited in paper,Previously isolated compound.,Verified,0.818182,5,0,31,103.1278,0.220427,Fail,1,Fail
AFRO-0248,Noradrenaline,Parquetina nigrescens,Ogbo,Asclepiadaceae,"Fruits, Leave",Nigeria,439260,NCC(O)c1ccc(O)c(O)c1,SFLSHLFXELFNJZ-UHFFFAOYSA-N,C8H11NO3,169.18,0.0899,4,4,86.71,2,0,Pass,Not specified,Not specified,10.1177/11779322231223857,2024,Catecholamine alkaloid,Alkaloid,Literature cited in paper,Previously isolated compound.,Verified,0.25,1,1,12,43.7858,0.472427,Pass,1,Fail
AFRO-0249,Cymarin,Parquetina nigrescens,Ogbo,Asclepiadaceae,"Fruits, Leave",Nigeria,441853,COC1CC(O)C(C)OC1OC1CC(O)C2(O)C(CCC3C2CCC2(C=O)C(C4=CC(=O)OC4)C(O)CC32O)C1,KPBTWNPMSZFFSH-UHFFFAOYSA-N,C29H42O11,566.644,-0.0152,5,11,172.21,5,2,Fail,Not specified,Not specified,10.1177/11779322231223857,2024,Cardiac glycoside,Steroid,Literature cited in paper,Previously isolated compound.,Verified,0.862069,6,0,40,136.36,0.172076,Fail,2,Fail
AFRO-0250,Vicine,Momordica charantia,Bitter Melon,Cucurbitaceae,"Fruits, Leave",Nigeria,115132,Nc1nc(OC2OC(CO)C(O)C(O)C2O)c(N)c(=O)[nH]1,WPKPQPCFEWJAEH-UHFFFAOYSA-N,C10H16N4O7,304.259,-3.887,7,10,197.17,3,1,Pass,Blood glucose lowering activity,Insulin regulation,10.1016/j.heliyon.2022.e09253,2022,Pyrimidine Glycoside,Glycoside,Review Article,One of the best-known antidiabetic constituents,Verified,0.6,2,1,21,68.0777,0.289594,Fail,1,Fail
AFRO-0251,Combretin B,Combretum zeyheri,Large-fruited Bushwillow,Combretaceae,"Fruits, Leave",Zimbabwe,101602492,COc1ccc(CCc2cc(O)c(OC)c(O)c2)cc1O,KUGBWOHCOLRCPN-UHFFFAOYSA-N,C16H18O5,290.315,2.6058,3,5,79.15,5,0,Pass,Antidiabetic activity,Multiple diabetes targets,10.1016/j.sajb.2021.11.018,2022,Triterpenoid,Terpenoid,Review article,Listed among the most promising African antidiabetic compounds,Verified,0.25,2,2,21,78.3904,0.78854,Pass,0,Pass
